wav_path,true_speaker,claimed_id,distance,latency_ms
voxceleb1\wav\id10456\M2oGSkEpyEc\00001.wav,id11083,id10600,0.9530216024924514,309.6843000002991
voxceleb1\wav\id10592\8IIwLtU_XrQ\00004.wav,id10786,id10400,0.9497974478990527,351.0337999996409
voxceleb1\wav\id10329\EXBuk_FwHu0\00009.wav,id10645,id10862,0.8550374191360591,316.15880000026664
voxceleb1\wav\id10745\9NpQb6wgnNI\00004.wav,id10592,id10802,0.9403989229891375,464.1489999994519
voxceleb1\wav\id11073\X2JQAUc-vnc\00003.wav,id11048,id10797,0.966883237084035,332.4897999991663
voxceleb1\wav\id11251\Drcw9TLFNb0\00003.wav,id10802,id10645,0.8702160587737306,274.2353000012372
voxceleb1\wav\id10508\OZxQo0H6O28\00008.wav,id10645,id10592,0.9032484157301587,306.8155000000843
voxceleb1\wav\id10645\PpufCRHg9os\00004.wav,id10508,id11251,0.8159079752137741,311.34669999846665
voxceleb1\wav\id10875\bDzNAlq_PXY\00007.wav,id10756,id10530,0.724342906788964,273.79499999915424
voxceleb1\wav\id10862\2bn9i9re2yI\00013.wav,id10875,krzysiek,1.0109845450294705,279.54529999988154
voxceleb1\wav\id10824\Ez1o4NcC7pY\00004.wav,id11048,id11048,0.9162533838489302,286.50800000104937
voxceleb1\wav\id10400\T2huaLHjXY0\00002.wav,id10797,id10456,0.9217510566892229,268.0006999999023
voxceleb1\wav\id10797\BDhnUQwGYAo\00003.wav,id10900,id10400,0.9014907290838383,294.1573999996763
voxceleb1\wav\id11251\7GtZpUtReJ8\00006.wav,id11083,id10530,0.8492320352967129,305.65310000019963
voxceleb1\wav\id11059\NbVrCKilytE\00003.wav,id10946,id10786,0.9107267871806247,268.91239999895333
voxceleb1\wav\id10329\EXBuk_FwHu0\00010.wav,id10456,id10797,0.8542517742266171,316.44930000038585
voxceleb1\wav\id10912\2yUgv3B_YcI\00009.wav,id11045,id11142,0.9109713407366529,460.13440000024275
voxceleb1\wav\id10592\MtgOR5RLIgE\00004.wav,id10994,id10400,0.9221754065038282,284.3624000015552
voxceleb1\wav\id10329\EXBuk_FwHu0\00021.wav,id10797,bartek_m,0.914591336957053,279.13900000021385
voxceleb1\wav\id10756\3kvWhMqqhhA\00006.wav,id10900,id10762,0.9346614812874026,298.26540000067325
voxceleb1\wav\id10476\W5nH1YBDHUg\00002.wav,id10802,id11251,1.0645679522350173,293.8654999998107
voxceleb1\wav\id10476\W5nH1YBDHUg\00003.wav,id10921,id11045,0.9311711122667035,307.9500999992888
voxceleb1\wav\id10600\Pxh-ihSUOTk\00003.wav,id10912,id10797,0.906543502475772,325.8834000007482
voxceleb1\wav\id10456\M2oGSkEpyEc\00002.wav,id10994,id11059,0.8848951008492009,314.39280000086
voxceleb1\wav\id10762\3nd2hWTR0LQ\00003.wav,id10508,krzysiek,0.8577074546796533,314.08530000044266
voxceleb1\wav\id10824\Ez1o4NcC7pY\00002.wav,id10592,id10862,0.8633752161877609,322.15419999920414
voxceleb1\wav\id10921\3eOLzFdEjYU\00005.wav,id10530,id10329,0.9504148655058895,318.09679999969376
voxceleb1\wav\id10950\ABumGmJrM4U\00002.wav,id10802,id10745,0.9853343274301491,334.1117999989365
voxceleb1\wav\id10912\2yUgv3B_YcI\00018.wav,id10329,id11048,0.9507111293174955,287.03649999988556
voxceleb1\wav\id10400\QS6RrYT7KKM\00004.wav,id10756,id10921,0.7872335909127806,299.49909999959345
voxceleb1\wav\id10862\2bn9i9re2yI\00018.wav,id11112,id10862,0.2867895135104733,314.75309999950696
voxceleb1\wav\id10456\Lrgya-GutUg\00006.wav,id10802,id10736,0.9725372814849612,300.3342000010889
voxceleb1\wav\id10946\CSMzcozTg08\00006.wav,id11142,id10786,0.8765357481948886,294.62640000019746
voxceleb1\wav\id11059\89FrzqI2x0A\00008.wav,id10900,id10921,0.8577702223867605,305.8407000007719
voxceleb1\wav\id10862\2bn9i9re2yI\00016.wav,id11009,id10592,0.9633735581268907,300.9627999999793
voxceleb1\wav\id10912\2yUgv3B_YcI\00016.wav,id10900,id10530,0.9041786113068284,308.47389999871666
voxceleb1\wav\id11048\O8yIcoe2doA\00007.wav,id10797,id10994,1.0021326419184489,287.1073999995133
voxceleb1\wav\id10862\2bn9i9re2yI\00023.wav,id10912,id10592,0.9290870416995461,284.8372999997082
voxceleb1\wav\id10600\Pxh-ihSUOTk\00001.wav,id10797,id10946,0.9456002972604217,270.719400001326
voxceleb1\wav\id10946\CSMzcozTg08\00007.wav,id11045,id10946,0.31663606149394663,265.95439999982773
voxceleb1\wav\id10645\PpufCRHg9os\00003.wav,id10946,id10824,0.6924110714619425,282.72130000004836
voxceleb1\wav\id10950\9Mp7dxHrLSo\00001.wav,id11073,id10456,1.0482977620017584,291.35340000175347
voxceleb1\wav\id10762\3sfzgqqtbKM\00004.wav,id10456,id11073,0.9916111553109896,272.11650000026566
voxceleb1\wav\id10400\QS6RrYT7KKM\00006.wav,id10946,id11251,0.9844693810356294,284.9060999997164
voxceleb1\wav\id10329\EXBuk_FwHu0\00027.wav,id10802,id10600,1.007347982991643,317.88809999852674
voxceleb1\wav\id11073\9sGEfsatKi8\00002.wav,id10921,id10994,0.9661895011674537,303.9312000000791
voxceleb1\wav\id10786\9w-EimtMXWs\00008.wav,id10921,id10530,0.8174784056414679,307.3197000012442
voxceleb1\wav\id10912\2yUgv3B_YcI\00014.wav,id11009,bartek_m,1.022626992458818,314.7897999988345
voxceleb1\wav\id11142\Gicu1gUl6iw\00014.wav,id11251,id10875,0.9655568487352014,303.248899999744
voxceleb1\wav\id10756\3kvWhMqqhhA\00001.wav,id11009,id10950,0.9803010986038397,297.8204999999434
voxceleb1\wav\id10400\QS6RrYT7KKM\00005.wav,id11059,bartek_t,0.7874607561204671,293.43279999920924
voxceleb1\wav\id10508\OZxQo0H6O28\00009.wav,id10745,id10762,0.9623812550946244,318.2197999994969
voxceleb1\wav\id10530\B8oeUlhmqFE\00003.wav,id10862,id10508,0.8533686348230192,508.8837999992393
voxceleb1\wav\id10875\bDzNAlq_PXY\00006.wav,id10824,id10456,0.8792132049507909,361.3805000004504
voxceleb1\wav\id10456\Lrgya-GutUg\00002.wav,id10476,id10797,1.0100921711203203,290.53149999890593
voxceleb1\wav\id10946\QgAJv0CXl-4\00005.wav,id11083,id10875,0.7953167137424646,322.8051999994932
voxceleb1\wav\id10476\W5nH1YBDHUg\00006.wav,id10456,id10530,0.8537722003733174,291.2157999999181
voxceleb1\wav\id10762\3sfzgqqtbKM\00002.wav,id10600,id10797,0.8751335526446795,325.0030999988667
voxceleb1\wav\id11059\P_Z5IEJRk4Y\00001.wav,id10508,id10592,0.9367148556218894,319.83910000053584
voxceleb1\wav\id10994\5GLhL4Km-_0\00008.wav,id10797,id10994,0.3272906600292844,303.3681999986584
voxceleb1\wav\id10745\9NpQb6wgnNI\00001.wav,id10824,id10862,0.9300157697588033,309.27929999961634
voxceleb1\wav\id10950\8pDGaKmyWhU\00004.wav,id11073,id11073,0.9504093812491486,263.5642999994161
voxceleb1\wav\id10600\ILvCnoHCpMs\00002.wav,id10736,id10950,0.9390101165226635,282.2788000012224
voxceleb1\wav\id10786\CWtlsidCW0w\00003.wav,id10950,id10745,0.9634796509492823,282.84959999837156
voxceleb1\wav\id10912\2yUgv3B_YcI\00021.wav,id10786,id10950,0.8786571259516942,318.0111000001489
voxceleb1\wav\id10329\EXBuk_FwHu0\00014.wav,id10736,id10946,0.957945029869042,344.08000000075845
voxceleb1\wav\id10476\agQ0RfUEo14\00006.wav,id10921,id10786,0.9721863567472071,315.8197000011569
voxceleb1\wav\id11142\Gicu1gUl6iw\00009.wav,id10756,id10862,0.9243447736651563,309.9323000005825
voxceleb1\wav\id10329\EXBuk_FwHu0\00020.wav,id10592,id10508,1.005585127339444,296.639199999845
voxceleb1\wav\id10862\2bn9i9re2yI\00011.wav,id11048,id10745,0.9355433379351554,285.2960999989591
voxceleb1\wav\id11142\Gicu1gUl6iw\00003.wav,id10824,id11251,0.8989135133760965,266.7246000000887
voxceleb1\wav\id10786\9w-EimtMXWs\00009.wav,id10824,id10802,1.0020159136063986,348.6520999995264
voxceleb1\wav\id10762\3sfzgqqtbKM\00006.wav,id11048,id10745,0.8770409918245922,272.71250000012515
voxceleb1\wav\id11045\IdJCSNPZRY4\00001.wav,id10530,id11073,1.0676199134892035,265.69740000013553
voxceleb1\wav\id11059\NvZ7wAj3STs\00001.wav,id10950,id10994,0.9841698406683619,273.45040000000154
voxceleb1\wav\id10736\QhWw4AxHRrQ\00004.wav,id10476,id10862,0.9428205788981382,288.07509999933245
voxceleb1\wav\id11009\77WS8eN5h3s\00010.wav,id10329,bartek_m,1.0082462822069296,271.9775000005029
voxceleb1\wav\id10797\BDhnUQwGYAo\00008.wav,id10329,id10797,0.3718298250198996,304.7020000012708
voxceleb1\wav\id10756\3xOseyV7srA\00001.wav,id11112,id10912,1.004747097074481,311.58289999984845
voxceleb1\wav\id11048\O8yIcoe2doA\00003.wav,id11112,id10476,0.775946709540097,311.21619999976247
voxceleb1\wav\id10824\Ez1o4NcC7pY\00001.wav,id10802,id10797,1.0320250679752467,303.9420000004611
voxceleb1\wav\id11083\e216s0XVJIA\00001.wav,id10921,id10456,0.9586524571534022,313.53040000067267
voxceleb1\wav\id11045\2miKTQb6chA\00009.wav,id11009,id10912,0.9206429745208499,330.451499999981
voxceleb1\wav\id10600\Pxh-ihSUOTk\00005.wav,id10994,id11009,0.9834496165434445,338.3510000003298
voxceleb1\wav\id10824\BgTZDSJKLks\00003.wav,id11059,id10862,0.8187402258140577,399.64169999984733
voxceleb1\wav\id10862\2bn9i9re2yI\00024.wav,id10797,id10508,0.9746343257036114,622.917899998356
voxceleb1\wav\id10508\OZxQo0H6O28\00003.wav,id10736,id10786,1.000977489828865,420.4056999988097
voxceleb1\wav\id11142\2n8y1cwQoyo\00006.wav,id11073,bartek_t,0.9415639991641261,388.7649999996938
voxceleb1\wav\id10875\bDzNAlq_PXY\00013.wav,id10921,id10912,1.0880014403248495,378.1725999997434
voxceleb1\wav\id10592\JP1fI0BtcGM\00001.wav,id10994,id10786,0.9514168878851419,352.67779999958293
voxceleb1\wav\id10329\EXBuk_FwHu0\00025.wav,id10786,id11112,0.9097966727362092,393.8674999990326
voxceleb1\wav\id10456\VTt_jQv2I8s\00001.wav,id10875,id11009,0.880874187621527,347.65040000092995
voxceleb1\wav\id10645\OY_D-xhu9U8\00005.wav,id10508,id11073,0.7843737508694484,331.32669999940845
voxceleb1\wav\id10476\W5nH1YBDHUg\00005.wav,id10802,id10736,0.9106777217608156,319.1053999998985
voxceleb1\wav\id10530\B8oeUlhmqFE\00005.wav,id10645,id10824,0.8352904130594343,307.970199999545
voxceleb1\wav\id11175\9jq2l0AMcNA\00008.wav,id10875,id10645,0.9714670520439697,297.8738000001613
voxceleb1\wav\id10329\EXBuk_FwHu0\00026.wav,id11048,id10802,0.9174373808124637,297.6466000000073
voxceleb1\wav\id10762\3sfzgqqtbKM\00001.wav,id11045,bartek_m,0.9808034360419553,293.4038999992481
voxceleb1\wav\id11251\Dfid1LOxOT8\00001.wav,id10508,id11251,0.35782487101957705,305.8796000004804
voxceleb1\wav\id10802\FuJgSCtw2VA\00009.wav,id10329,id10824,0.8516231352614533,311.3911000000371
voxceleb1\wav\id10802\FuJgSCtw2VA\00001.wav,id10456,krzysiek,0.9830109121122395,331.82750000014494
voxceleb1\wav\id10950\AN6ap6hG9OI\00001.wav,id10862,id11048,1.0127907641492349,383.3575999997265
voxceleb1\wav\id10756\1PV6BHn4IqE\00007.wav,id10476,krzysiek,1.0608022344626242,325.0361000009434
voxceleb1\wav\id10994\5GLhL4Km-_0\00013.wav,id11048,id11009,0.9433868747073807,308.0095999994228
voxceleb1\wav\id10736\YA6ZeBUaNKM\00001.wav,id10786,id10950,0.8747239784630978,324.71390000137035
voxceleb1\wav\id10592\N6Xz7-IZvVo\00004.wav,id10824,id10797,0.7093212352566882,417.67299999992247
voxceleb1\wav\id10824\BgTZDSJKLks\00004.wav,id10645,id10645,0.7112395724489781,368.78620000061346
voxceleb1\wav\id10756\3kvWhMqqhhA\00007.wav,id11059,id11142,0.8631546710028389,429.74409999987984
voxceleb1\wav\id11045\2miKTQb6chA\00013.wav,id10645,id11112,0.888340882964754,318.33410000035656
voxceleb1\wav\id11175\ceU3Lw9-d9M\00005.wav,id11083,id10530,0.9131250782173761,329.4862999991892
voxceleb1\wav\id10756\3kvWhMqqhhA\00017.wav,id10476,id10476,0.9604142268428669,316.51809999857505
voxceleb1\wav\id10786\9w-EimtMXWs\00012.wav,id10645,id10600,0.8010102433105998,306.0136000003695
voxceleb1\wav\id10456\UzUsGNJ9cEs\00001.wav,id10950,id10736,0.8827225643300103,297.91109999860055
voxceleb1\wav\id10736\FiuNwOmESq8\00001.wav,id10592,id10745,0.9224796537228631,316.3184999993973
voxceleb1\wav\id11251\Dfid1LOxOT8\00004.wav,id10736,id11048,0.8740505607210216,316.9920000000275
voxceleb1\wav\id10900\9Cw6BvLA_Jk\00002.wav,id10762,id10508,0.9155912615525744,288.5117999994691
voxceleb1\wav\id10912\67p2Yi5aHUM\00001.wav,id10786,id10994,0.987252658123872,303.94730000080017
voxceleb1\wav\id11083\WQrVyLYxYKE\00003.wav,id11142,id10994,0.8896944598619112,310.5709999999817
voxceleb1\wav\id11073\9sGEfsatKi8\00011.wav,id11048,id11073,0.2582497800150588,390.3306000011071
voxceleb1\wav\id11251\Tmh87G_cDZo\00002.wav,id10797,id11175,0.889922227496089,336.6155000003346
voxceleb1\wav\id10745\9NpQb6wgnNI\00003.wav,id11073,id10824,0.9081801887020877,372.2747000010713
voxceleb1\wav\id10921\3eOLzFdEjYU\00001.wav,id10530,bartek_m,0.9214242354401936,381.09480000093754
voxceleb1\wav\id11142\Gicu1gUl6iw\00004.wav,id10797,id10329,1.0073550874703012,302.3785000004864
voxceleb1\wav\id10946\MSCo-Dauf1M\00002.wav,id10736,id10600,0.9827483309328106,320.8611000009114
voxceleb1\wav\id11059\JWO7SPC-VmU\00002.wav,id10900,id11251,0.9277581210963199,345.8578000008856
voxceleb1\wav\id11083\KMGLj7Ql3ZY\00002.wav,id10994,id10862,0.9215454054570642,344.00559999994584
voxceleb1\wav\id10476\O_k91Sbd0vw\00002.wav,id10756,id10921,0.9103515100781092,388.2852999995521
voxceleb1\wav\id10875\ZOsjLV0XXlQ\00006.wav,id10862,id10600,0.9698515097678014,331.37709999937215
voxceleb1\wav\id11175\ceU3Lw9-d9M\00001.wav,id11112,id10875,1.01862192967077,331.31170000160637
voxceleb1\wav\id10329\EXBuk_FwHu0\00028.wav,id11073,id11048,0.9161455735218469,312.07759999961127
voxceleb1\wav\id11059\NbVrCKilytE\00002.wav,id10456,id10745,0.9113785885787942,308.22079999961716
voxceleb1\wav\id11112\BtvYf7-8Vr4\00003.wav,id10762,id11073,0.9432205226198724,283.04949999983364
voxceleb1\wav\id10508\OZxQo0H6O28\00006.wav,id10592,id10329,0.9319674169644532,312.0329000012134
voxceleb1\wav\id11142\Gicu1gUl6iw\00001.wav,id10862,id10824,1.0251232234233087,348.35869999915303
voxceleb1\wav\id10802\FuJgSCtw2VA\00002.wav,id10329,id11142,1.0610562999120827,332.277299999987
voxceleb1\wav\id10950\9PdJXCWsX1w\00001.wav,id10508,id10756,0.9880921649535972,305.58929999824613
voxceleb1\wav\id11083\e216s0XVJIA\00003.wav,id10862,id11142,0.8849442014730636,301.8723000004684
voxceleb1\wav\id11112\BtvYf7-8Vr4\00008.wav,id10802,id10592,0.9292653800318694,320.1944000011281
voxceleb1\wav\id10329\EXBuk_FwHu0\00017.wav,id11059,id10900,1.066655890148629,541.2238999997498
voxceleb1\wav\id10745\5EPvrY18MoQ\00008.wav,id10645,id11142,0.8983633273370164,355.12950000156707
voxceleb1\wav\id11009\IJrEEVoYmWw\00004.wav,id10400,id10762,0.9330366137663677,326.0993999992934
voxceleb1\wav\id10530\B8oeUlhmqFE\00001.wav,id11083,id10736,0.9307846967541843,325.70989999840094
voxceleb1\wav\id10900\EWCiDtQ67bQ\00002.wav,id11048,id10950,0.8063883788299926,318.48510000054375
voxceleb1\wav\id10862\2bn9i9re2yI\00021.wav,id11083,id10745,0.9453051652032445,298.8786000005348
voxceleb1\wav\id10786\BP8Lsp8p8iY\00004.wav,id10508,id11251,0.7512248431242174,294.0383000004658
voxceleb1\wav\id11142\Gicu1gUl6iw\00011.wav,id10786,id11175,0.9516078070541949,328.9549999990413
voxceleb1\wav\id10862\2bn9i9re2yI\00025.wav,id10797,id10329,0.8883032332229164,356.65530000005674
voxceleb1\wav\id10530\CKRWmWrEU00\00004.wav,id10756,id10912,1.0078757978192732,329.5047000010527
voxceleb1\wav\id10456\L6TBYanT-fQ\00004.wav,id10994,id11112,0.9712114260317387,355.3900999995676
voxceleb1\wav\id10824\EPj8oj_wjI4\00001.wav,id10456,id10400,0.9947900537503136,364.4664000003104
voxceleb1\wav\id11048\P8-Fq-2Atiw\00006.wav,id10645,id10600,0.9776692366445349,345.3575000003184
voxceleb1\wav\id10508\8t97-YsuqpM\00012.wav,id10862,id10950,1.0244533631170767,348.16760000103386
voxceleb1\wav\id10600\Pxh-ihSUOTk\00008.wav,id11073,id10900,0.9876176346628303,359.18560000027355
voxceleb1\wav\id10756\2eMX5X0WzkM\00001.wav,id10745,id10802,0.9288936173529474,394.4267000006221
voxceleb1\wav\id10875\ZOsjLV0XXlQ\00004.wav,id10862,id10476,0.9479125125331809,344.2099000003509
voxceleb1\wav\id10592\MtgOR5RLIgE\00003.wav,id10645,id10802,0.8971910924611365,372.95799999992596
voxceleb1\wav\id10862\2bn9i9re2yI\00017.wav,id10456,bartek_t,0.9579921517176301,331.2733000002481
voxceleb1\wav\id11175\9jq2l0AMcNA\00017.wav,id10476,id10530,1.0063587465485997,326.4448000008997
voxceleb1\wav\id10802\FuJgSCtw2VA\00007.wav,id11073,id10530,0.8063214876336666,348.20310000031895
voxceleb1\wav\id11009\FUemeogd1lA\00001.wav,id10946,id11112,0.9783198419435825,331.66890000029525
voxceleb1\wav\id10786\BP8Lsp8p8iY\00001.wav,id10912,id10508,0.987416997689647,329.0350999996008
voxceleb1\wav\id10745\9NpQb6wgnNI\00005.wav,id10476,id11251,0.9799444100086635,338.1506999994599
voxceleb1\wav\id10786\9w-EimtMXWs\00011.wav,id11045,id10645,0.8995366613594638,389.82150000083493
voxceleb1\wav\id10802\Hx-Zv22BEQU\00001.wav,id10508,id10645,0.9982146621084007,343.304399999397
voxceleb1\wav\id11059\9ow-Q4wUAgc\00002.wav,id10900,id11083,0.939371145609651,365.90809999870544
voxceleb1\wav\id10786\BP8Lsp8p8iY\00010.wav,id11175,bartek_m,0.9561239242439434,366.2378000008175
voxceleb1\wav\id10736\KdHADpeCUe8\00001.wav,id10950,id10745,0.9194282250330097,328.8237000015215
voxceleb1\wav\id11083\KMGLj7Ql3ZY\00001.wav,id11073,id10824,0.8960735610731841,310.2334000013798
voxceleb1\wav\id11009\IJrEEVoYmWw\00003.wav,id11142,id11175,0.9066243475936496,317.4148999987665
voxceleb1\wav\id11009\FUemeogd1lA\00005.wav,id10797,id11048,0.9037481921066971,310.15020000086224
voxceleb1\wav\id11175\ceU3Lw9-d9M\00003.wav,id10329,id10786,1.100180412223355,302.95640000076673
voxceleb1\wav\id11251\Tmh87G_cDZo\00003.wav,id11175,id11251,0.44916129867202426,287.6212999999552
voxceleb1\wav\id10862\2bn9i9re2yI\00012.wav,id10802,id10762,0.9353718440788243,267.2612999995181
voxceleb1\wav\id10862\2bn9i9re2yI\00026.wav,id10400,id10900,1.048804311025039,301.4593000007153
voxceleb1\wav\id10736\8hMkhwBzaJY\00010.wav,id11112,id11009,0.924063749134763,307.1218000004592
voxceleb1\wav\id11045\HewcG4UqpIU\00004.wav,id10912,id10950,0.8768859119239619,297.07589999998163
voxceleb1\wav\id10745\9NpQb6wgnNI\00002.wav,id10508,id11059,0.9364977447541788,291.4622000007512
voxceleb1\wav\id10921\B8oFwcURrps\00007.wav,id10802,id11175,0.9164610735751156,292.2677000005933
voxceleb1\wav\id10592\8IIwLtU_XrQ\00003.wav,id11175,id11059,0.9172824766842029,292.8209000001516
voxceleb1\wav\id11083\G2ktKa3zK-g\00002.wav,id10862,id10600,0.9128705741927777,291.57610000038403
voxceleb1\wav\id10508\EDU4oSS3pow\00003.wav,id10862,id10802,0.9882087911841907,286.95800000059535
voxceleb1\wav\id10875\bDzNAlq_PXY\00008.wav,id10824,id10797,0.8224872404892216,265.99910000004456
voxceleb1\wav\id10736\QU2_gJwqlrk\00002.wav,id11048,id10508,0.9541547331823386,296.9603999990795
voxceleb1\wav\id10600\ILvCnoHCpMs\00007.wav,id11059,id10921,0.8740160200457904,280.71360000103596
voxceleb1\wav\id11251\Dfid1LOxOT8\00002.wav,id10476,id10400,1.0462389315605385,288.4104999993724
voxceleb1\wav\id10797\HlvtkeRBKv0\00001.wav,id10946,krzysiek,0.9725868907919225,281.1854999999923
voxceleb1\wav\id10745\6xa47Q4wGMw\00001.wav,id10875,bartek_m,0.9922658553339494,270.07939999930386
voxceleb1\wav\id10946\NdrTWoGwC7k\00005.wav,id11083,id10797,0.9026939404267982,286.12840000096185
voxceleb1\wav\id10645\OY_D-xhu9U8\00001.wav,id10400,krzysiek,0.8826970561596167,320.2266000007512
voxceleb1\wav\id11045\2miKTQb6chA\00010.wav,id10400,id10797,0.7654618595106405,301.5460000005987
voxceleb1\wav\id11083\WQrVyLYxYKE\00006.wav,id10824,id10329,0.5980485120750236,298.4372999999323
voxceleb1\wav\id10592\K0YrTxZ9a4o\00004.wav,id10921,id10508,0.9430735704103482,322.5206999995862
voxceleb1\wav\id10875\bDzNAlq_PXY\00012.wav,id10950,id10476,0.9821237612944369,299.1290999998455
voxceleb1\wav\id11048\O8yIcoe2doA\00009.wav,id10456,id10797,0.7171162864290346,303.6119999997027
voxceleb1\wav\id11142\Gicu1gUl6iw\00016.wav,id10592,id10508,0.9704895856488752,330.8686000000307
voxceleb1\wav\id11083\WQrVyLYxYKE\00001.wav,id10912,id10456,0.8492592430181243,288.80560000106925
voxceleb1\wav\id11073\9sGEfsatKi8\00001.wav,id11175,id10921,0.8874040290861464,293.7093999989884
voxceleb1\wav\id11048\O8yIcoe2doA\00004.wav,id10400,id10508,0.9523626645290924,286.0958999990544
voxceleb1\wav\id10530\B8oeUlhmqFE\00004.wav,id10329,id11142,1.1546886013589985,273.25849999942875
voxceleb1\wav\id11009\FUemeogd1lA\00006.wav,id11142,id10802,0.9920782455184788,271.7597000009846
voxceleb1\wav\id10912\3efhGhqizHg\00002.wav,id10921,id10862,1.0004359547771637,281.1036000002787
voxceleb1\wav\id10592\MtgOR5RLIgE\00002.wav,id10400,id11112,0.9255553584504675,280.0064000002749
voxceleb1\wav\id10802\IURLbUMafXs\00001.wav,id10736,id10786,0.9662788333072114,291.3929999995162
voxceleb1\wav\id11251\Dfid1LOxOT8\00003.wav,id10736,id11251,0.3186376162168042,275.3020000000106
voxceleb1\wav\id10592\K0YrTxZ9a4o\00002.wav,id11251,id10645,0.9017970275600427,287.923599998976
voxceleb1\wav\id11009\SiQyvjzbTp8\00006.wav,id10645,bartek_t,1.0087254995514296,287.2624999999971
voxceleb1\wav\id10645\OY_D-xhu9U8\00002.wav,id10802,bartek_t,0.8696227385279202,271.26010000029055
voxceleb1\wav\id10862\2bn9i9re2yI\00027.wav,id10762,id11083,0.9177767190569753,282.02539999983856
voxceleb1\wav\id10946\QgAJv0CXl-4\00007.wav,id10912,id10802,1.2152712821646794,281.15539999998873
voxceleb1\wav\id10950\ABumGmJrM4U\00001.wav,id10875,id11083,0.8992461621069466,310.47729999954754
voxceleb1\wav\id10476\HvleHkiBb3s\00003.wav,id10530,id11045,1.0198235931919093,302.8967999998713
voxceleb1\wav\id10476\agQ0RfUEo14\00002.wav,id11045,id10762,0.9906958878830597,308.8840000000346
voxceleb1\wav\id10736\Wx-dJoKmZQk\00005.wav,id10786,id10592,0.9999200107967723,308.36249999993015
voxceleb1\wav\id11045\2miKTQb6chA\00012.wav,id11059,id10592,0.8122116896734772,289.97679999883985
voxceleb1\wav\id10912\2yUgv3B_YcI\00010.wav,id10875,id11048,0.9971139277130366,274.28150000014284
voxceleb1\wav\id10476\O_k91Sbd0vw\00004.wav,id11009,id10946,0.9028183390014823,263.6419999998907
voxceleb1\wav\id10329\EXBuk_FwHu0\00013.wav,id10802,id11048,0.8198370582023178,280.73180000137654
voxceleb1\wav\id10875\bDzNAlq_PXY\00001.wav,id11175,id11045,0.9426524357038701,272.8629000012006
voxceleb1\wav\id10736\8hMkhwBzaJY\00009.wav,id10824,id11073,1.006863880747053,273.80190000076254
voxceleb1\wav\id10762\1ZWoxzrBYH8\00009.wav,id11175,id10476,1.0120501127343278,276.94009999868285
voxceleb1\wav\id10508\EDU4oSS3pow\00002.wav,id10824,id10592,0.9643940870059478,291.63320000043313
voxceleb1\wav\id10736\8hMkhwBzaJY\00011.wav,id11048,id10476,0.9486944683426788,284.03720000096655
voxceleb1\wav\id10900\92CmdoV27Es\00002.wav,id11059,id11009,0.8121739267043865,270.75000000149885
voxceleb1\wav\id10508\8t97-YsuqpM\00010.wav,id11083,id10921,0.9263431075874121,275.49680000083754
voxceleb1\wav\id10756\3kvWhMqqhhA\00012.wav,id10797,id10592,0.9083756439219307,266.4457000009861
voxceleb1\wav\id10400\QS6RrYT7KKM\00002.wav,id10875,id10802,0.9697352359131383,261.1843999984558
voxceleb1\wav\id10508\OZxQo0H6O28\00010.wav,id10756,id10762,0.952118808761287,263.8130999985151
voxceleb1\wav\id10508\OZxQo0H6O28\00007.wav,id10476,id10762,1.008000575522198,262.5664000006509
voxceleb1\wav\id10592\K0YrTxZ9a4o\00003.wav,id10329,id11251,0.7510586664260975,264.7104000006948
voxceleb1\wav\id10329\EXBuk_FwHu0\00022.wav,id10802,id11059,1.00407785690013,286.7705000007845
voxceleb1\wav\id10329\EXBuk_FwHu0\00015.wav,id10600,id10645,1.0155567560278007,298.16549999850395
voxceleb1\wav\id10921\B8oFwcURrps\00001.wav,id10900,id11048,0.8590085307120187,280.85310000096797
voxceleb1\wav\id10875\bDzNAlq_PXY\00005.wav,id10600,id10756,0.9635464409250571,324.41759999892383
voxceleb1\wav\id10530\CKRWmWrEU00\00002.wav,id10900,id10862,0.8664140002155296,328.6724999998114
voxceleb1\wav\id11142\Gicu1gUl6iw\00010.wav,id10762,id11073,0.9370090442651541,338.17800000178977
voxceleb1\wav\id11251\K7BJPsQgDP8\00001.wav,id10600,id10802,0.899648360529469,324.29659999979776
voxceleb1\wav\id10824\EPj8oj_wjI4\00003.wav,id10994,id10508,0.9163829956752687,371.20150000009744
voxceleb1\wav\id10756\3kvWhMqqhhA\00010.wav,id10786,id11059,0.7192884117846685,377.28229999993346
voxceleb1\wav\id10476\W5nH1YBDHUg\00004.wav,id10508,bartek_m,0.8722452366460884,350.0648999997793
voxceleb1\wav\id10946\NdrTWoGwC7k\00001.wav,id11059,id10592,0.9120506222185315,356.1443999988114
voxceleb1\wav\id10802\7LcN6ETgW44\00003.wav,id10530,id10476,0.8332965898435414,354.4050000000425
voxceleb1\wav\id10900\Bcm3h0xffs8\00007.wav,id10912,id11251,0.9687725941061185,318.3315999995102
voxceleb1\wav\id10802\7DDauZk6s-M\00001.wav,id11175,id10329,0.9238244286328956,306.5525999991223
voxceleb1\wav\id10745\GeM07WoKPRQ\00005.wav,id11112,id10530,0.9772187356111894,288.52440000082424
voxceleb1\wav\id11059\9ow-Q4wUAgc\00006.wav,id10508,id10802,1.0351929906984534,303.9251999998669
voxceleb1\wav\id11045\AvQ8yF93phA\00001.wav,id10994,id10745,0.9055940033855607,290.9404000001814
voxceleb1\wav\id11045\2miKTQb6chA\00011.wav,id10530,id11045,0.27749297383961147,291.75910000049043
voxceleb1\wav\id11083\KMGLj7Ql3ZY\00004.wav,id10400,id11112,0.9763281325687577,282.27030000016384
voxceleb1\wav\id11112\F-f32mt56js\00007.wav,id10797,id11083,0.9052272758849235,285.2067000003444
voxceleb1\wav\id10875\bDzNAlq_PXY\00011.wav,id11059,id10786,0.816586524382473,351.2800000007701
voxceleb1\wav\id11112\BtvYf7-8Vr4\00004.wav,id10530,id11009,0.9868200247552196,313.6092999993707
voxceleb1\wav\id10600\Pxh-ihSUOTk\00006.wav,id11073,id10476,1.0430849972139704,307.5435999999172
voxceleb1\wav\id10797\BDhnUQwGYAo\00013.wav,id10600,id10745,1.0680501975189403,315.5686999998579
voxceleb1\wav\id10508\8t97-YsuqpM\00011.wav,id10745,id10994,1.0143042190888842,324.1242999993119
voxceleb1\wav\id10736\Wx-dJoKmZQk\00002.wav,id10946,id10329,0.8517432957021612,327.7409999991505
voxceleb1\wav\id10900\EWCiDtQ67bQ\00003.wav,id10921,id10994,0.8861647331462468,325.52430000032473
voxceleb1\wav\id10756\3kvWhMqqhhA\00004.wav,id10862,id10824,0.9610977384903544,326.8707000006543
voxceleb1\wav\id11073\9sGEfsatKi8\00010.wav,id10736,id11073,0.32408121607395224,314.7841999998491
voxceleb1\wav\id10802\FuJgSCtw2VA\00010.wav,id10600,id10875,0.8580943109584303,349.7447999998258
voxceleb1\wav\id10530\CKRWmWrEU00\00010.wav,id11175,id11048,0.8925027417716266,323.0818000010913
voxceleb1\wav\id10824\BgTZDSJKLks\00001.wav,id10994,bartek_m,1.0312166248718944,318.992900000012
voxceleb1\wav\id10736\GCRKRbZwk6E\00001.wav,id11059,id11112,0.8718038209548622,305.55120000099123
voxceleb1\wav\id11045\5AQnA6DzZ80\00001.wav,id11083,id10736,1.0088903033900418,298.6183000011806
voxceleb1\wav\id10508\EDU4oSS3pow\00001.wav,id10736,id10762,0.9819119993455798,304.03409999962605
voxceleb1\wav\id10476\agQ0RfUEo14\00007.wav,id10797,id10875,1.071072667112267,305.31859999973676
voxceleb1\wav\id11112\BtvYf7-8Vr4\00005.wav,id10802,id10786,0.8901382839471937,289.5667000011599
voxceleb1\wav\id10456\Lrgya-GutUg\00008.wav,id11009,id10476,0.96019105932461,297.27339999953983
voxceleb1\wav\id10912\2yUgv3B_YcI\00019.wav,id10900,krzysiek,0.9409227067853784,304.09549999967567
voxceleb1\wav\id10912\2yUgv3B_YcI\00013.wav,id11048,id11251,0.8367304564346236,300.7640999985597
voxceleb1\wav\id11045\HewcG4UqpIU\00006.wav,id10994,id10476,0.8809025475557996,301.36420000053477
voxceleb1\wav\id10900\92CmdoV27Es\00001.wav,id10456,id10912,0.9365345635759046,263.6909000011656
voxceleb1\wav\id10530\B8oeUlhmqFE\00007.wav,id10946,id10476,0.9275869372399445,272.70359999965876
voxceleb1\wav\id11073\YGaZty9KOGk\00001.wav,id10802,id10476,0.9098279039553016,276.5393999998196
voxceleb1\wav\id11142\Gicu1gUl6iw\00012.wav,id11083,krzysiek,1.057933510703607,282.2443999993993
voxceleb1\wav\id11059\9ow-Q4wUAgc\00004.wav,id11009,id11083,0.9006384896542116,306.4036000014312
voxceleb1\wav\id10994\5GLhL4Km-_0\00014.wav,id11048,id11142,1.0485488911494745,310.38059999991674
voxceleb1\wav\id10875\bDzNAlq_PXY\00002.wav,id11045,id11175,0.8605465714932914,291.1440000007133
voxceleb1\wav\id10994\5GLhL4Km-_0\00017.wav,id11048,id10745,0.8609586374973728,285.4029000009177
voxceleb1\wav\id11112\BtvYf7-8Vr4\00006.wav,id11045,id10476,0.9238504783487294,274.6888999990915
voxceleb1\wav\id10745\5EPvrY18MoQ\00007.wav,id11073,id11142,0.8526075675641814,289.9775999994745
voxceleb1\wav\id11073\9sGEfsatKi8\00012.wav,id10756,id10530,0.7557209963443657,281.286800000089
voxceleb1\wav\id11073\X2JQAUc-vnc\00004.wav,id10862,id10756,0.8534540389725696,286.5681000002951
voxceleb1\wav\id10900\6ciWZe60ahQ\00009.wav,id10762,id10508,0.804742468726172,274.4072999994387
voxceleb1\wav\id10736\Wx-dJoKmZQk\00004.wav,id10824,id10508,0.9395911611025592,270.8922000001621
voxceleb1\wav\id10797\BDhnUQwGYAo\00007.wav,id11251,id10802,0.9230074416860126,272.3671999992803
voxceleb1\wav\id11073\M44AVe_BcGE\00001.wav,id11251,id11009,1.1760374185202467,273.16310000060184
voxceleb1\wav\id11083\eDauJA9iVes\00001.wav,id11251,id10600,0.8602722157680203,290.87219999928493
voxceleb1\wav\id11112\FUiiruCPVTI\00004.wav,id11251,bartek_t,1.0265074263431697,277.7341000000888
voxceleb1\wav\id10600\ILvCnoHCpMs\00003.wav,id11112,id10802,0.9273473026085182,294.87279999921157
voxceleb1\wav\id10921\B8oFwcURrps\00008.wav,id11112,krzysiek,0.9280446425003857,292.49499999968975
voxceleb1\wav\id10786\BP8Lsp8p8iY\00003.wav,id10921,id10456,0.9187849207814248,313.10029999986
voxceleb1\wav\id10950\8pDGaKmyWhU\00003.wav,id11059,id10530,1.0194324684594218,324.5606000000407
voxceleb1\wav\id10756\3kvWhMqqhhA\00003.wav,id11009,id11045,0.9012672187057603,290.92519999903743
voxceleb1\wav\id11175\9jq2l0AMcNA\00019.wav,id10645,krzysiek,0.9542371346775224,300.73710000033316
voxceleb1\wav\id10900\6ciWZe60ahQ\00007.wav,id10600,bartek_t,1.0520579340768788,273.9540999991732
voxceleb1\wav\id10645\PpufCRHg9os\00007.wav,id10875,id11175,1.028074795703818,288.21699999934935
voxceleb1\wav\id10756\3kvWhMqqhhA\00009.wav,id10736,id10912,1.0395124925899528,306.4338999993197
voxceleb1\wav\id10400\UkZsd-dpZTg\00002.wav,id11009,id10824,0.8811619202544092,305.6081999984599
voxceleb1\wav\id11048\P8-Fq-2Atiw\00003.wav,id10400,id10786,0.9809747792274112,304.5161999998527
voxceleb1\wav\id10946\QgAJv0CXl-4\00001.wav,id10802,id10912,1.049266687109345,307.01540000154637
voxceleb1\wav\id10797\BDhnUQwGYAo\00014.wav,id10592,id10802,0.9266733064847928,265.4999000005773
voxceleb1\wav\id11112\F-f32mt56js\00001.wav,id11083,id10824,1.0269314871304989,286.58419999919715
voxceleb1\wav\id10994\5GLhL4Km-_0\00016.wav,id11083,id11009,1.0208133542578601,275.9021000001667
voxceleb1\wav\id10756\3kvWhMqqhhA\00015.wav,id10921,id10645,0.8861582998347685,272.057300000597
voxceleb1\wav\id10736\Wx-dJoKmZQk\00003.wav,id10592,id10900,1.0972432134840584,277.49409999887575
voxceleb1\wav\id10946\CSMzcozTg08\00005.wav,id11009,id11073,0.7845131385990557,278.95360000002256
voxceleb1\wav\id10736\QU2_gJwqlrk\00001.wav,id11059,id10912,0.8841281212512098,288.0889999996725
voxceleb1\wav\id10921\B8oFwcURrps\00010.wav,id11083,id10508,0.913831998110308,276.5192999995634
voxceleb1\wav\id10946\QgAJv0CXl-4\00002.wav,id10600,id10329,0.9635064559527945,270.13609999994515
voxceleb1\wav\id10912\2yUgv3B_YcI\00020.wav,id10875,id11073,0.9293152369197726,267.67450000079407
voxceleb1\wav\id10400\T2huaLHjXY0\00003.wav,id10946,bartek_t,0.7990420445612407,277.77360000072804
voxceleb1\wav\id10946\QgAJv0CXl-4\00006.wav,id11251,id10592,0.9104986622024352,263.9703000004374
voxceleb1\wav\id10400\UkZsd-dpZTg\00005.wav,id10950,id10508,0.9442495589582163,286.3398000008601
voxceleb1\wav\id11045\HewcG4UqpIU\00008.wav,id11048,id11251,0.9842794601267224,297.9481999991549
voxceleb1\wav\id11073\X2JQAUc-vnc\00002.wav,id11083,id10786,1.0137313947341537,310.32369999957155
voxceleb1\wav\id10950\8pDGaKmyWhU\00010.wav,id10862,id11142,0.8879457091329311,383.9996999995492
voxceleb1\wav\id10797\HhonN5s8GhQ\00001.wav,id10786,id10824,0.9765317349760216,273.7968000001274
voxceleb1\wav\id10797\BDhnUQwGYAo\00010.wav,id10592,id10645,0.944920107002768,311.06890000046405
voxceleb1\wav\id11059\9ow-Q4wUAgc\00005.wav,id10762,id10946,0.8370410784183508,303.89389999982086
voxceleb1\wav\id10762\3sfzgqqtbKM\00003.wav,id10824,id10508,0.9057320197109651,292.08920000019134
voxceleb1\wav\id10824\BgTZDSJKLks\00002.wav,id10736,id10802,0.8306422518007035,301.78429999978107
voxceleb1\wav\id10508\OZxQo0H6O28\00002.wav,id10802,id10950,0.9806165874197333,296.20040000008885
voxceleb1\wav\id10400\UkZsd-dpZTg\00009.wav,id10645,id10875,1.0584435614105796,269.75250000032247
voxceleb1\wav\id10921\B8oFwcURrps\00002.wav,id10797,id10745,0.981717602706279,325.091099999554
voxceleb1\wav\id10508\EDU4oSS3pow\00005.wav,id11045,id11059,1.0236834251918894,281.6895999985718
voxceleb1\wav\id10476\agQ0RfUEo14\00003.wav,id10875,id11251,1.0269483805432187,269.965499999671
voxceleb1\wav\id10592\8IIwLtU_XrQ\00001.wav,id10600,id10900,0.8606456481905806,271.1030999998911
voxceleb1\wav\id11112\FUiiruCPVTI\00002.wav,id10950,id11175,0.8901345653168219,280.56110000034096
voxceleb1\wav\id10645\a6IDMPJJh8c\00001.wav,id10736,id10329,1.0174358281493592,284.59939999993367
voxceleb1\wav\id11048\P8-Fq-2Atiw\00002.wav,id10762,bartek_m,0.9764090430226752,326.66969999991124
voxceleb1\wav\id10824\Ez1o4NcC7pY\00003.wav,id10950,id10900,0.9839798986928715,296.16949999945064
voxceleb1\wav\id11073\9sGEfsatKi8\00008.wav,id10950,id10592,0.9467844391820692,282.8599000004033
voxceleb1\wav\id11059\9ow-Q4wUAgc\00003.wav,id10994,id10645,0.9326022940767145,266.6357000016433
voxceleb1\wav\id11045\HewcG4UqpIU\00003.wav,id11083,id10824,0.7900822653355555,281.2106999990647
voxceleb1\wav\id10900\Bcm3h0xffs8\00006.wav,id10600,id10600,1.0491933010857304,283.69779999957245
voxceleb1\wav\id10600\RkI7NNeesVU\00002.wav,id10824,id10592,0.8625802667175426,267.69939999940107
voxceleb1\wav\id11045\HewcG4UqpIU\00002.wav,id10786,bartek_m,1.0447142287583642,270.57240000067395
voxceleb1\wav\id10802\7DDauZk6s-M\00002.wav,id11142,id10736,0.9589236563213843,275.03710000019055
voxceleb1\wav\id10862\2bn9i9re2yI\00019.wav,id10797,id10862,0.25331404654682077,263.83849999911035
voxceleb1\wav\id10994\5GLhL4Km-_0\00020.wav,id11048,id10875,0.9337574516344896,293.0914999997185
voxceleb1\wav\id10756\3kvWhMqqhhA\00002.wav,id10329,id10786,0.9603219593021024,303.24880000080157
voxceleb1\wav\id10950\8pDGaKmyWhU\00009.wav,id10802,id10921,0.9711149393694501,289.7657000012259
voxceleb1\wav\id11175\9jq2l0AMcNA\00014.wav,id10645,id10786,0.9659888783283416,288.4496999995463
voxceleb1\wav\id10875\bDzNAlq_PXY\00014.wav,id11059,id10824,0.9288211345602928,301.4298999987659
voxceleb1\wav\id10508\EDU4oSS3pow\00004.wav,id11059,id11142,0.946336753410804,278.4468999998353
voxceleb1\wav\id10900\9Cw6BvLA_Jk\00001.wav,id11251,id11112,0.949461833514964,261.81759999963106
voxceleb1\wav\id10994\5GLhL4Km-_0\00022.wav,id10400,id10824,0.8426117482023265,272.1282999991672
voxceleb1\wav\id10994\5GLhL4Km-_0\00012.wav,id10508,id10476,0.9627348398840846,265.26670000021113
voxceleb1\wav\id10745\GeM07WoKPRQ\00001.wav,id10824,id10530,0.9606205356442149,279.2233000000124
voxceleb1\wav\id10824\EPj8oj_wjI4\00004.wav,id10456,id11048,0.8270503485978395,288.82160000102886
voxceleb1\wav\id10921\B8oFwcURrps\00004.wav,id10736,id10862,1.0339212870009038,297.43710000002466
voxceleb1\wav\id10400\UkZsd-dpZTg\00010.wav,id11009,id10456,0.926650298894475,289.0445000011823
voxceleb1\wav\id10400\QS6RrYT7KKM\00003.wav,id10329,id10329,1.039397583635212,281.7319999994652
voxceleb1\wav\id11009\SiQyvjzbTp8\00003.wav,id11045,id10921,0.9042261691335606,311.123100000259
voxceleb1\wav\id11112\F-f32mt56js\00009.wav,id10802,id10645,0.948045796715038,297.62289999962377
voxceleb1\wav\id11073\X2JQAUc-vnc\00001.wav,id11112,id10824,0.698918730322478,318.25519999983953
voxceleb1\wav\id10786\BP8Lsp8p8iY\00008.wav,id10508,id10745,0.9055393489072512,264.25670000026
voxceleb1\wav\id10508\OZxQo0H6O28\00001.wav,id10994,id11059,0.9888067412066127,301.31769999934477
voxceleb1\wav\id10762\3sfzgqqtbKM\00005.wav,id10530,bartek_m,0.9245320402891236,280.11439999863796
voxceleb1\wav\id10875\ZOsjLV0XXlQ\00005.wav,id10508,id11048,0.8853980439990337,278.8813000006485
voxceleb1\wav\id10645\OY_D-xhu9U8\00006.wav,id10476,bartek_m,0.8218483418278468,276.206499998807
voxceleb1\wav\id10921\B8oFwcURrps\00003.wav,id10762,id10329,0.9121843391565481,291.79840000142576
voxceleb1\wav\id10530\B8oeUlhmqFE\00002.wav,id11251,id10600,0.9295066434124164,312.9527999990387
voxceleb1\wav\id10329\EXBuk_FwHu0\00012.wav,id10824,id10508,0.921896052715103,294.3360000008397
voxceleb1\wav\id10530\CKRWmWrEU00\00003.wav,id11059,id10736,0.9269726951837131,294.6360999994795
voxceleb1\wav\id11112\BtvYf7-8Vr4\00007.wav,id11142,id11251,0.8839283795271061,293.10589999840886
voxceleb1\wav\id10862\2bn9i9re2yI\00010.wav,id10946,id10456,0.9504889119494166,296.3376999996399
voxceleb1\wav\id10786\BP8Lsp8p8iY\00005.wav,id10329,id10950,0.9102614521585609,288.9000000013766
voxceleb1\wav\id11059\89FrzqI2x0A\00006.wav,id10600,krzysiek,1.041568997602504,277.6393999993161
voxceleb1\wav\id10875\bDzNAlq_PXY\00004.wav,id10400,bartek_m,0.9179712270504501,261.9732000002841
voxceleb1\wav\id10456\M2oGSkEpyEc\00004.wav,id10994,id10736,0.9262563314239881,264.10389999909967
voxceleb1\wav\id10645\PpufCRHg9os\00008.wav,id11142,id11048,0.9109617856049436,262.98400000086986
voxceleb1\wav\id10950\8pDGaKmyWhU\00012.wav,id11142,id10645,0.9162348697952102,264.82620000024326
voxceleb1\wav\id10900\92CmdoV27Es\00003.wav,id10329,id10456,0.8874482589866628,271.4035999997577
voxceleb1\wav\id10900\Bcm3h0xffs8\00008.wav,id11175,id10900,0.34456177780843955,275.00770000006014
voxceleb1\wav\id10802\FuJgSCtw2VA\00004.wav,id10645,id10950,1.0016588444599297,268.48919999974896
voxceleb1\wav\id10762\3nd2hWTR0LQ\00004.wav,id10508,id10456,0.9476615924827545,270.2893999994558
voxceleb1\wav\id10824\FbKRFA9Efgc\00002.wav,id11048,id10946,1.0071987350929386,304.00279999958
voxceleb1\wav\id11045\6YdMVTk-eJ8\00001.wav,id10476,id10786,0.8996945432447827,270.9045999999944
voxceleb1\wav\id10456\L6TBYanT-fQ\00003.wav,id10900,id10802,0.9792828922534619,294.48909999882744
voxceleb1\wav\id11048\P8-Fq-2Atiw\00001.wav,id10802,id10592,0.9359046145081218,276.29219999835186
voxceleb1\wav\id10912\3efhGhqizHg\00004.wav,id11073,id10946,0.9522859016256323,280.1514999991923
voxceleb1\wav\id10476\agQ0RfUEo14\00008.wav,id11142,bartek_m,0.8843384837078337,275.2734000005148
voxceleb1\wav\id10994\5GLhL4Km-_0\00010.wav,id10736,id11045,0.9565918642223167,288.7284999997064
voxceleb1\wav\id10797\BDhnUQwGYAo\00012.wav,id10862,id10736,1.074027459559183,310.2034999992611
voxceleb1\wav\id11175\9jq2l0AMcNA\00013.wav,id10329,id10802,0.9836087907600917,300.3869999993185
voxceleb1\wav\id11251\7GtZpUtReJ8\00002.wav,id10921,id10745,1.0639407234201987,315.4044000002614
voxceleb1\wav\id11142\2n8y1cwQoyo\00005.wav,id10946,id10756,0.6592707237357047,311.2136999989161
voxceleb1\wav\id10645\PpufCRHg9os\00006.wav,id10824,id11045,0.9686306350881465,286.1224999996921
voxceleb1\wav\id11175\ixpTkk5wuWY\00001.wav,id11083,id10400,0.9750903817563206,309.7187000003032
voxceleb1\wav\id10745\GeM07WoKPRQ\00002.wav,id10756,id10756,0.8813429556978062,341.70630000153324
voxceleb1\wav\id10736\QhWw4AxHRrQ\00003.wav,id10592,id10921,1.054142015265504,313.66159999925003
voxceleb1\wav\id10921\B8oFwcURrps\00011.wav,id11048,id11045,0.9402881385246631,288.8340999998036
voxceleb1\wav\id10946\MfNAynX19H8\00001.wav,id10592,id10802,1.1277774525142739,255.54970000121102
voxceleb1\wav\id10921\9tW_4EHjdZs\00001.wav,id10802,id10862,1.005155462182977,273.48480000000563
voxceleb1\wav\id11009\SiQyvjzbTp8\00002.wav,id10921,id10745,0.9078995122035232,267.8587000009429
voxceleb1\wav\id10400\UkZsd-dpZTg\00006.wav,id10862,id10592,0.9722984511093573,261.7468000007648
voxceleb1\wav\id11083\WQrVyLYxYKE\00004.wav,id10786,id10994,0.9840335924773481,263.74869999926887
voxceleb1\wav\id11175\ceU3Lw9-d9M\00002.wav,id10592,id10456,1.0190589986821137,272.33280000109517
voxceleb1\wav\id10862\2bn9i9re2yI\00028.wav,id11045,id11083,0.8501056445206213,268.64219999879424
voxceleb1\wav\id11083\e216s0XVJIA\00002.wav,id10862,id10797,1.011005138504494,263.52869999936956
voxceleb1\wav\id10329\EXBuk_FwHu0\00023.wav,id11175,id10762,0.9670776667274035,271.48010000018985
voxceleb1\wav\id10592\N6Xz7-IZvVo\00003.wav,id10476,id11073,0.9618068181952866,278.9166999991721
voxceleb1\wav\id10824\Ez1o4NcC7pY\00007.wav,id10745,id10946,0.8578530133366029,292.8831999997783
voxceleb1\wav\id10950\8pDGaKmyWhU\00001.wav,id11073,id10900,0.978896479050829,271.1742999999842
voxceleb1\wav\id10862\2bn9i9re2yI\00014.wav,id10745,id10797,0.8791994966709313,287.97129999838944
voxceleb1\wav\id11112\F-f32mt56js\00004.wav,id10400,id10797,0.9296152227796628,304.16650000006484
voxceleb1\wav\id11083\e216s0XVJIA\00004.wav,id10329,id10400,0.9818398986237659,293.66830000071786
voxceleb1\wav\id10745\GeM07WoKPRQ\00007.wav,id11045,id10762,0.8943634495368787,289.5014000005176
voxceleb1\wav\id10530\CKRWmWrEU00\00006.wav,id10329,id11009,1.0185269810883564,294.9181000003591
voxceleb1\wav\id10797\BDhnUQwGYAo\00015.wav,id10736,id10921,0.9731967511808154,263.54859999992186
voxceleb1\wav\id10600\ILvCnoHCpMs\00001.wav,id10736,id10862,1.0721046973465471,268.3707999985927
voxceleb1\wav\id11175\9jq2l0AMcNA\00011.wav,id10756,id10508,0.7996174390611905,262.67059999918274
voxceleb1\wav\id11251\Drcw9TLFNb0\00002.wav,id10530,id10862,0.9627914655950657,279.72090000002936
voxceleb1\wav\id11059\JWO7SPC-VmU\00001.wav,id10592,id10946,0.900830333902159,266.0372999998799
voxceleb1\wav\id10946\QgAJv0CXl-4\00004.wav,id10645,id11142,0.8988614126360138,266.4604000001418
voxceleb1\wav\id10530\CKRWmWrEU00\00005.wav,id11083,id11009,0.9323692991330853,259.98900000013236
voxceleb1\wav\id11073\9sGEfsatKi8\00009.wav,id11083,id11251,0.9015218412023694,273.28490000036254
voxceleb1\wav\id11009\SiQyvjzbTp8\00004.wav,id10745,id10921,0.8894819354266595,261.54270000006363
voxceleb1\wav\id10762\3sfzgqqtbKM\00010.wav,id10797,id10400,1.0244010381916415,271.71000000089407
voxceleb1\wav\id11175\9jq2l0AMcNA\00018.wav,id10875,id10600,0.8768886645374064,274.791700001515
voxceleb1\wav\id10600\RkI7NNeesVU\00003.wav,id10802,id10824,0.8925683369113367,268.7597000003734
voxceleb1\wav\id11175\9jq2l0AMcNA\00009.wav,id10797,id10756,0.8978924903574309,269.3031999988307
voxceleb1\wav\id10745\GeM07WoKPRQ\00004.wav,id11142,krzysiek,0.8600166451370902,262.2964000001957
voxceleb1\wav\id11009\FUemeogd1lA\00003.wav,id10994,id10824,0.7969444535207826,272.887000000992
voxceleb1\wav\id10645\OY_D-xhu9U8\00007.wav,id10802,id10456,0.9543210954602644,269.47959999961313
voxceleb1\wav\id10797\BDhnUQwGYAo\00009.wav,id10912,id10592,0.9544332135363294,270.84020000074815
voxceleb1\wav\id10994\5GLhL4Km-_0\00015.wav,id10921,id11048,0.8826959372504216,260.9543999988091
voxceleb1\wav\id10400\UkZsd-dpZTg\00001.wav,id10592,id10946,0.8841987756187916,313.97610000021814
voxceleb1\wav\id11083\G2ktKa3zK-g\00001.wav,id10530,id10912,1.0949519607647094,329.0914999997767
voxceleb1\wav\id10912\3efhGhqizHg\00003.wav,id11083,id11048,0.8888786465824765,329.33260000027076
voxceleb1\wav\id10736\QhWw4AxHRrQ\00001.wav,id11083,id11142,0.8919765882734231,341.6278999993665
voxceleb1\wav\id10456\Lrgya-GutUg\00004.wav,id10900,id10600,0.9889060908979732,304.26769999940007
voxceleb1\wav\id10456\Liau5LQUvcQ\00001.wav,id10786,id10994,0.9038088639215642,295.6837000001542
voxceleb1\wav\id10921\3eOLzFdEjYU\00004.wav,id10946,bartek_t,1.0351975208180162,288.8535000001866
voxceleb1\wav\id11048\OuwCMPV7hxs\00001.wav,id10400,id10762,0.8688173199437924,290.34560000036436
voxceleb1\wav\id11048\P8-Fq-2Atiw\00011.wav,id10824,id10824,0.8889838823206998,282.5185000001511
voxceleb1\wav\id10862\2bn9i9re2yI\00020.wav,id10762,id10456,0.9148586952041307,299.4571999988693
voxceleb1\wav\id10736\QhWw4AxHRrQ\00002.wav,id10476,id11048,0.9085328805887048,281.4813000004506
voxceleb1\wav\id10592\MtgOR5RLIgE\00001.wav,id11142,id10329,0.9627145857107854,338.35650000037276
voxceleb1\wav\id10862\2bn9i9re2yI\00009.wav,id10756,id11175,0.9048955583688422,272.8195000017877
voxceleb1\wav\id10921\B8oFwcURrps\00005.wav,id10400,id11251,0.9235297258450288,274.54450000004726
voxceleb1\wav\id10745\GeM07WoKPRQ\00006.wav,id10797,id10762,0.8598731060892559,267.12899999984074
voxceleb1\wav\id10456\Lrgya-GutUg\00005.wav,id10592,id10950,0.8880736839824277,289.6481000007043
voxceleb1\wav\id11251\Drcw9TLFNb0\00001.wav,id10900,id11048,0.8864029300004653,272.89980000023206
voxceleb1\wav\id10946\MSCo-Dauf1M\00003.wav,id10329,id10508,0.9899337706379104,282.804300000862
voxceleb1\wav\id10921\3eOLzFdEjYU\00002.wav,id10875,id10921,0.33467777660810416,272.555999999895
voxceleb1\wav\id10645\PpufCRHg9os\00005.wav,id11175,id10912,0.8340961500247823,272.6407999998628
voxceleb1\wav\id10745\A8-uShr2gJc\00001.wav,id10329,id10600,0.976294036836991,259.67319999836036
voxceleb1\wav\id10530\CKRWmWrEU00\00007.wav,id10862,id10900,0.9274734493939172,271.54280000104336
voxceleb1\wav\id10950\8pDGaKmyWhU\00007.wav,id11073,id11142,0.9225847902621308,276.2310999987676
voxceleb1\wav\id10921\B8oFwcURrps\00009.wav,id10508,id10900,0.9581772968433269,277.2661999988486
voxceleb1\wav\id10456\VO_7ZXWhjdg\00001.wav,id10797,id11045,0.891146335145587,307.2436000002199
voxceleb1\wav\id10456\Lrgya-GutUg\00007.wav,id10600,id10912,0.9156059074068996,315.84579999980633
voxceleb1\wav\id10802\FuJgSCtw2VA\00003.wav,id10946,id11009,1.0450802725252084,320.006400001148
voxceleb1\wav\id10762\3sfzgqqtbKM\00009.wav,id10862,id10875,0.7939148493587576,317.6664999991772
voxceleb1\wav\id10600\Pxh-ihSUOTk\00002.wav,id10786,bartek_m,0.8008006060146963,341.3670000009006
voxceleb1\wav\id10786\BP8Lsp8p8iY\00007.wav,id10592,id10645,0.7715728415404801,308.7439999999333
voxceleb1\wav\id11073\9sGEfsatKi8\00007.wav,id11048,id10762,0.9612972360463596,281.6526000005979
voxceleb1\wav\id11175\9jq2l0AMcNA\00010.wav,id10950,id11045,0.9760724572043638,293.5763000004954
voxceleb1\wav\id10946\QgAJv0CXl-4\00003.wav,id11083,id10994,1.0816386161698808,269.552300000214
voxceleb1\wav\id10797\BDhnUQwGYAo\00002.wav,id10994,id10756,0.9221547021383211,267.9544000002352
voxceleb1\wav\id10797\PAWMq0oYIxI\00001.wav,id10862,bartek_t,0.8540584335808883,272.36289999927976
voxceleb1\wav\id10802\IURLbUMafXs\00002.wav,id10456,id10900,0.906599873069419,271.3284000001295
voxceleb1\wav\id10600\I2RI1fFmtT4\00001.wav,id11142,id11009,1.0650127372181952,288.44889999891166
voxceleb1\wav\id10950\8pDGaKmyWhU\00014.wav,id10862,bartek_m,0.8769662360796964,258.7180000009539
voxceleb1\wav\id11175\9jq2l0AMcNA\00016.wav,id10456,id10329,0.9691676117026883,280.77160000066215
voxceleb1\wav\id11142\Gicu1gUl6iw\00006.wav,id10762,id10900,0.9908366568203971,275.42040000116685
voxceleb1\wav\id11142\Gicu1gUl6iw\00015.wav,id10875,id10875,0.9766912348274663,267.2062999990885
voxceleb1\wav\id10875\ZOsjLV0XXlQ\00007.wav,id10950,id10786,0.8675614153870792,281.6803000005166
voxceleb1\wav\id11009\IJrEEVoYmWw\00002.wav,id11059,id11048,0.9796614082373699,302.8219000007084
voxceleb1\wav\id11059\NbVrCKilytE\00001.wav,id10600,krzysiek,0.9704161119450009,297.51150000083726
voxceleb1\wav\id10921\B8oFwcURrps\00006.wav,id10456,id10912,0.9994763780905448,296.6593000001012
voxceleb1\wav\id11112\F-f32mt56js\00005.wav,id10530,id11073,0.9285953011398752,317.6932000005763
voxceleb1\wav\id11073\X2JQAUc-vnc\00005.wav,id10912,id11059,0.9043072379019067,326.3404999997874
voxceleb1\wav\id10756\3kvWhMqqhhA\00013.wav,id10476,id11059,0.8644366853385012,300.132800000938
voxceleb1\wav\id10786\BP8Lsp8p8iY\00002.wav,id11083,id10786,0.4184814761977883,292.72600000149396
voxceleb1\wav\id11083\KMGLj7Ql3ZY\00003.wav,id10921,id11142,0.963566268129254,291.48739999982354
voxceleb1\wav\id10762\3sfzgqqtbKM\00008.wav,id10921,id11083,0.9610467463588453,292.8412000001117
voxceleb1\wav\id11045\HewcG4UqpIU\00007.wav,id10862,id10745,0.9381911765386549,290.5128999991575
voxceleb1\wav\id11112\FUiiruCPVTI\00005.wav,id10946,id10530,0.8373982851746723,265.1621000004525
voxceleb1\wav\id10802\7LcN6ETgW44\00002.wav,id10476,id10875,0.9670180808576702,278.54069999921194
voxceleb1\wav\id10786\9w-EimtMXWs\00010.wav,id10862,id11142,1.0413693535429533,274.955000000773
voxceleb1\wav\id10756\3kvWhMqqhhA\00008.wav,id11142,id10921,0.8160987106453879,265.52470000024186
voxceleb1\wav\id10762\1ZWoxzrBYH8\00012.wav,id10476,id10530,0.9682472317387486,280.78479999931005
voxceleb1\wav\id10400\UkZsd-dpZTg\00003.wav,id10600,id10802,1.0588687332989903,272.1363000000565
voxceleb1\wav\id10900\6ciWZe60ahQ\00008.wav,id11009,id10900,0.2646123042449242,305.9878000003664
voxceleb1\wav\id10745\GeM07WoKPRQ\00003.wav,id11048,id10797,1.0409633267930452,283.6272000004101
voxceleb1\wav\id10400\T2huaLHjXY0\00001.wav,id10745,id10762,1.084251759573304,295.7761000016035
voxceleb1\wav\id10592\N6Xz7-IZvVo\00002.wav,id10824,id10736,0.8673253685760282,299.1075000009005
voxceleb1\wav\id11048\P8-Fq-2Atiw\00007.wav,id11112,id10400,0.9398993661562355,317.62350000099104
voxceleb1\wav\id10645\OY_D-xhu9U8\00004.wav,id10329,id10456,0.9065085670952363,279.012099999818
voxceleb1\wav\id10592\8IIwLtU_XrQ\00002.wav,id10912,id10802,0.8063379927185731,280.8925999997882
voxceleb1\wav\id10994\5GLhL4Km-_0\00011.wav,id10786,id11083,0.9550206975403003,285.5853999990359
voxceleb1\wav\id11045\HewcG4UqpIU\00005.wav,id10921,id10508,0.8138994913236225,266.1002000004373
voxceleb1\wav\id10329\EXBuk_FwHu0\00016.wav,id10592,id11073,1.0168544110795492,283.02550000080373
voxceleb1\wav\id10946\MSCo-Dauf1M\00001.wav,id10802,id11045,0.9502143022110818,308.7949999990087
voxceleb1\wav\id10912\2yUgv3B_YcI\00017.wav,id11045,bartek_t,0.9362497176696631,299.4587000011961
voxceleb1\wav\id10786\CWtlsidCW0w\00002.wav,id10645,id10762,0.7636978699595701,297.9637999997067
voxceleb1\wav\id10476\W5nH1YBDHUg\00001.wav,id10875,id10994,0.8537750765313773,296.45569999956933
voxceleb1\wav\id10921\B8oFwcURrps\00012.wav,id10762,id11112,1.0319889280814474,277.4270999998407
voxceleb1\wav\id10600\I2RI1fFmtT4\00002.wav,id10508,id11009,1.0522907345548824,274.1217000002507
voxceleb1\wav\id11142\2n8y1cwQoyo\00004.wav,id10921,id10802,1.1536408071703288,276.9551000001229
voxceleb1\wav\id11251\AvV4LWBq00g\00001.wav,id10508,id10736,1.0537554677810232,293.4206999998423
voxceleb1\wav\id10912\2yUgv3B_YcI\00012.wav,id10762,id10329,0.9556293902459907,297.0561000001908
voxceleb1\wav\id11059\89FrzqI2x0A\00009.wav,id10592,id10592,0.9031337115711193,291.1289999992732
voxceleb1\wav\id11059\NbVrCKilytE\00004.wav,id11048,id11048,0.9314221246370755,303.6195000004227
voxceleb1\wav\id10797\BDhnUQwGYAo\00005.wav,id11073,id10797,0.44981249000206835,303.0486999996356
voxceleb1\wav\id11059\9ow-Q4wUAgc\00007.wav,id10802,id10756,0.5968183005952932,293.01810000106343
voxceleb1\wav\id11009\SiQyvjzbTp8\00005.wav,id11083,id11175,0.9398549211906092,306.4524999990681
voxceleb1\wav\id10994\5GLhL4Km-_0\00021.wav,id11009,id11073,0.85994920113822,308.4386999998969
voxceleb1\wav\id10592\8IIwLtU_XrQ\00005.wav,id10745,id10476,0.9727146134934497,306.2251000010292
voxceleb1\wav\id10645\PpufCRHg9os\00002.wav,id10456,bartek_m,0.8000577588336311,318.3560000015859
voxceleb1\wav\id10912\2yUgv3B_YcI\00011.wav,id10645,id10802,0.9612992889697737,293.7612999994599
voxceleb1\wav\id11045\7j6p92te7lY\00001.wav,id10824,id10600,0.7785007013573505,288.40149999996356
voxceleb1\wav\id10329\EXBuk_FwHu0\00019.wav,id10456,id11073,1.0314034302227453,299.0669999999227
voxceleb1\wav\id11175\9jq2l0AMcNA\00012.wav,id10900,id10645,1.0051810070621017,315.5035999989195
voxceleb1\wav\id11142\Gicu1gUl6iw\00007.wav,id10912,id11073,0.8520955870944138,353.1652999990911
voxceleb1\wav\id10530\B8oeUlhmqFE\00006.wav,id10875,id11175,0.9453198313490755,358.26470000029076
voxceleb1\wav\id10456\Lrgya-GutUg\00003.wav,id10802,bartek_m,1.010435269469976,304.9695999998221
voxceleb1\wav\id11073\9sGEfsatKi8\00004.wav,id11045,id10912,0.9581849845618426,314.6526000000449
voxceleb1\wav\id11059\89FrzqI2x0A\00007.wav,id10745,id11059,0.5086302958049955,325.6504999990284
voxceleb1\wav\id10994\5GLhL4Km-_0\00009.wav,id11009,id11142,1.0186798178384457,321.8572000005224
voxceleb1\wav\id10476\O_k91Sbd0vw\00001.wav,id10824,id11048,0.8654832688740697,329.7442000002775
voxceleb1\wav\id11083\KMGLj7Ql3ZY\00005.wav,id11142,bartek_m,0.9752696202557368,344.9359000005643
voxceleb1\wav\id11059\89FrzqI2x0A\00005.wav,id10745,id11059,0.3374023033516953,289.120899999034
voxceleb1\wav\id10736\8hMkhwBzaJY\00012.wav,id10786,id10745,0.8284383003169665,312.29440000061004
voxceleb1\wav\id11009\77WS8eN5h3s\00009.wav,id11112,id11083,0.780926772175152,330.31839999966905
voxceleb1\wav\id10950\8pDGaKmyWhU\00002.wav,id11175,id11059,0.9604733838098513,334.7897000003286
voxceleb1\wav\id11175\9jq2l0AMcNA\00015.wav,id10862,id10824,0.9704169608934232,304.36090000148397
voxceleb1\wav\id10762\1ZWoxzrBYH8\00010.wav,id11251,id10802,0.9245726668467856,303.8135999995575
voxceleb1\wav\id10400\UkZsd-dpZTg\00004.wav,id10950,id10862,1.0741439511293076,312.992099999974
voxceleb1\wav\id11112\F-f32mt56js\00002.wav,id11142,id11175,0.9973034038183376,368.93400000008114
voxceleb1\wav\id11083\WQrVyLYxYKE\00002.wav,id10756,id11112,0.9076038603354276,336.69449999979406
voxceleb1\wav\id10875\bDzNAlq_PXY\00015.wav,id11175,id10802,0.9862772118033643,324.0058000010322
voxceleb1\wav\id11251\7GtZpUtReJ8\00004.wav,id10476,id10862,0.9723092758606451,393.4742000001279
voxceleb1\wav\id10900\EWCiDtQ67bQ\00001.wav,id10912,id11059,0.918615776608656,355.64290000002075
voxceleb1\wav\id10592\PDfBidpJ5Jc\00001.wav,id10530,id10508,0.9237137629688117,352.62189999957627
voxceleb1\wav\id11073\9sGEfsatKi8\00005.wav,id11142,id10875,0.7632179979118532,366.7576000007102
voxceleb1\wav\id10508\OZxQo0H6O28\00011.wav,id11059,id10802,0.9603026433533829,406.82530000049155
voxceleb1\wav\id10802\FuJgSCtw2VA\00005.wav,id10862,id10862,0.7828016176408704,352.1784000004118
voxceleb1\wav\id11142\Gicu1gUl6iw\00008.wav,id10600,id10921,0.90625597181333,341.54120000130206
voxceleb1\wav\id10476\O_k91Sbd0vw\00003.wav,id11083,id10912,0.967206546718453,368.2857999992848
voxceleb1\wav\id10756\3kvWhMqqhhA\00005.wav,id11083,id11251,0.8868547184463238,438.7898999993922
voxceleb1\wav\id10824\Ez1o4NcC7pY\00006.wav,id10802,id10530,0.7583707240467455,364.1991999993479
voxceleb1\wav\id10400\QS6RrYT7KKM\00007.wav,id10875,id10645,1.0139440795208905,380.14529999964
voxceleb1\wav\id10994\5GLhL4Km-_0\00006.wav,id10645,id10736,0.9690599898376202,372.2194000001764
voxceleb1\wav\id11251\Tmh87G_cDZo\00001.wav,id11045,id10797,0.9264682661971889,353.8291999993817
voxceleb1\wav\id10530\CKRWmWrEU00\00001.wav,id10645,id10994,0.9031169007039443,350.52619999987655
voxceleb1\wav\id11142\Gicu1gUl6iw\00002.wav,id10900,id10736,0.9300344132770773,379.7627999992983
voxceleb1\wav\id10592\K0YrTxZ9a4o\00001.wav,id10756,id10786,0.9666578224818065,322.195599999759
voxceleb1\wav\id11112\F-f32mt56js\00003.wav,id11059,id10508,0.8103888092487233,329.6325999999681
voxceleb1\wav\id11048\O8yIcoe2doA\00005.wav,id10476,id11045,0.7409600473068088,314.0273999997589
voxceleb1\wav\id10912\2yUgv3B_YcI\00015.wav,id10756,id11045,0.9786939687779803,339.28539999942586
voxceleb1\wav\id11048\O8yIcoe2doA\00008.wav,id10508,id10921,0.8977610627128352,432.3625000015454
voxceleb1\wav\id11009\SiQyvjzbTp8\00001.wav,id10994,id11251,0.8706517395375665,386.46849999895494
voxceleb1\wav\id10875\bDzNAlq_PXY\00010.wav,id10592,id11073,0.6590445849468958,333.1092999997054
voxceleb1\wav\id10745\8GUsQWSE9mI\00001.wav,id11083,id11045,0.9384607876872822,347.19050000057905
voxceleb1\wav\id10645\a6IDMPJJh8c\00002.wav,id11112,id10476,1.0200066470302798,352.51699999935227
voxceleb1\wav\id10824\Ez1o4NcC7pY\00005.wav,id10736,id10786,0.9497639386372365,344.2133999997168
voxceleb1\wav\id11048\P8-Fq-2Atiw\00009.wav,id10786,id11045,0.8006762683010311,368.0137999999715
voxceleb1\wav\id10592\N6Xz7-IZvVo\00001.wav,id10912,id10994,0.9614871601210496,322.193400001197
voxceleb1\wav\id10875\bDzNAlq_PXY\00009.wav,id10456,krzysiek,0.7792784002155385,330.6627000001754
voxceleb1\wav\id10762\3sfzgqqtbKM\00007.wav,id11251,id10400,1.1080443358999992,345.4216999998607
voxceleb1\wav\id10736\Wx-dJoKmZQk\00001.wav,id11045,bartek_t,0.9280035690448103,335.4742999999871
voxceleb1\wav\id10875\ZOsjLV0XXlQ\00003.wav,id10946,id10994,1.0462546236187225,338.69029999914346
voxceleb1\wav\id10756\3kvWhMqqhhA\00014.wav,id10476,id11083,1.0342509666907027,325.70059999852674
voxceleb1\wav\id11009\FUemeogd1lA\00007.wav,id10797,id10329,0.8966250526241304,318.3463999994274
voxceleb1\wav\id10802\7LcN6ETgW44\00001.wav,id10862,id10946,1.0368132863920385,301.6580999992584
voxceleb1\wav\id10875\bDzNAlq_PXY\00003.wav,id10946,id10900,1.0073578119113415,304.43209999975807
voxceleb1\wav\id10900\Bcm3h0xffs8\00002.wav,id11059,id10994,0.8636041842322142,308.1592999988061
voxceleb1\wav\id10762\1ZWoxzrBYH8\00011.wav,id10745,id11045,0.9588558704335498,299.21310000099766
voxceleb1\wav\id10994\5GLhL4Km-_0\00018.wav,id10476,id11251,0.9994168752448943,305.5375999992975
voxceleb1\wav\id10900\Bcm3h0xffs8\00005.wav,id10921,id11251,0.9197799001392931,305.6263999988005
voxceleb1\wav\id10745\5EPvrY18MoQ\00010.wav,id10762,id10797,1.0434963021813386,295.30329999943206
voxceleb1\wav\id11175\ceU3Lw9-d9M\00004.wav,id10875,id11112,0.9006570021529477,301.9841000004817
voxceleb1\wav\id10862\2bn9i9re2yI\00022.wav,id10950,id10797,0.9578024857841009,345.31459999925573
voxceleb1\wav\id10476\agQ0RfUEo14\00004.wav,id10530,id10862,0.8318775246218678,372.4363000001176
voxceleb1\wav\id10645\FvwFfMvvIQ0\00002.wav,id10946,id11048,0.9030055325063633,360.2799000000232
voxceleb1\wav\id11048\P8-Fq-2Atiw\00012.wav,id10950,id11112,0.9485519819695,428.1578999998601
voxceleb1\wav\id11112\F-f32mt56js\00008.wav,id11009,id10400,0.9486065728171411,505.0869999995484
voxceleb1\wav\id10329\EXBuk_FwHu0\00018.wav,id10476,id10994,0.9491347927696584,360.0664000005054
voxceleb1\wav\id10950\8pDGaKmyWhU\00011.wav,id11251,id10921,0.9319301184610572,338.1984999996348
voxceleb1\wav\id10756\3kvWhMqqhhA\00016.wav,id10476,id11009,0.9824976853706071,358.444800000143
voxceleb1\wav\id10600\ILvCnoHCpMs\00005.wav,id10862,id10745,1.0205488563343061,322.5044999999227
voxceleb1\wav\id11009\IJrEEVoYmWw\00001.wav,id10862,id11073,1.095351785907459,333.1547000016144
voxceleb1\wav\id10762\3nd2hWTR0LQ\00002.wav,id10756,id10645,0.9096285021100781,311.53489999996964
voxceleb1\wav\id10900\Bcm3h0xffs8\00003.wav,id10508,id11251,1.035169641292007,333.1947000006039
voxceleb1\wav\id10508\8t97-YsuqpM\00009.wav,id11045,id10400,0.888900498434673,329.1145000002871
voxceleb1\wav\id11142\Gicu1gUl6iw\00005.wav,id10600,id11009,0.8625053995383072,344.7498000004998
voxceleb1\wav\id11048\O8yIcoe2doA\00006.wav,id10946,krzysiek,1.0133981880998892,394.2573000003904
voxceleb1\wav\id10900\6ciWZe60ahQ\00010.wav,id10824,bartek_t,0.9868835886314448,370.8867999994254
voxceleb1\wav\id11112\F-f32mt56js\00006.wav,id10875,id10400,1.0247269859075083,380.64010000016424
voxceleb1\wav\id10802\Alru9YC7xLc\00002.wav,id10875,id10530,0.8036390426492883,373.8376999990578
voxceleb1\wav\id10530\7Qk9YtRpUe0\00002.wav,id10508,id11048,0.944762754339058,429.7359999982291
voxceleb1\wav\id10508\OZxQo0H6O28\00004.wav,id11175,id10645,0.9436169015422404,716.3493999996717
voxceleb1\wav\id10756\3kvWhMqqhhA\00011.wav,id10900,id11073,0.8610273620920987,557.5704999992013
voxceleb1\wav\id10400\UkZsd-dpZTg\00007.wav,id10476,id10756,0.9690360942312939,512.3134999994363
voxceleb1\wav\id10994\8s305d0nSog\00001.wav,id11009,id10476,0.925644758601641,474.05629999957455
voxceleb1\wav\id10862\2bn9i9re2yI\00015.wav,id10592,id10824,0.8403535411827489,455.1686000013433
voxceleb1\wav\id10994\5GLhL4Km-_0\00004.wav,id10912,id10994,0.37584655880282525,413.6964999997872
voxceleb1\wav\id11251\D315UgvvDbc\00001.wav,id11112,id10912,1.0006533348197584,365.1915000009467
voxceleb1\wav\id10912\67p2Yi5aHUM\00002.wav,id11175,id10786,0.9805605625561058,352.71560000001045
voxceleb1\wav\id10600\ILvCnoHCpMs\00006.wav,id11251,id11073,0.8601388066334559,354.29759999897215
voxceleb1\wav\id10329\EXBuk_FwHu0\00024.wav,id10456,id10912,1.057218228104614,304.27400000007765
voxceleb1\wav\id11045\HewcG4UqpIU\00009.wav,id10824,id10921,0.9932332710099883,318.0615000001126
voxceleb1\wav\id10946\NdrTWoGwC7k\00004.wav,id11251,id10994,1.0558047144062939,317.5355999992462
voxceleb1\wav\id10530\7Qk9YtRpUe0\00004.wav,id11009,id10862,0.7533076874812126,344.0396999994846
voxceleb1\wav\id10824\FbKRFA9Efgc\00003.wav,id10400,id11045,0.8308319653326366,375.4164000001765
voxceleb1\wav\id10600\Pxh-ihSUOTk\00007.wav,id11251,id10824,0.9859025785306983,345.7543999993504
voxceleb1\wav\id10824\EPj8oj_wjI4\00002.wav,id10912,id10530,0.7370253117434682,337.51309999934165
voxceleb1\wav\id10456\Lrgya-GutUg\00001.wav,id10530,id11083,0.9898340081800934,312.8259999994043
voxceleb1\wav\id10921\0Pz31wdsopU\00009.wav,id11112,id10400,0.8336220143880835,305.7000999997399
voxceleb1\wav\id11251\7GtZpUtReJ8\00003.wav,id10756,id11251,0.46749307920022587,307.74489999930665
voxceleb1\wav\id11073\9sGEfsatKi8\00006.wav,id10592,id10476,0.8989513278838226,426.78369999885035
voxceleb1\wav\id10762\1ZWoxzrBYH8\00013.wav,id11175,id10946,0.9592923676697922,423.7773999993806
voxceleb1\wav\id10824\EPj8oj_wjI4\00006.wav,id10786,id10797,1.0319918750428179,331.81599999988975
voxceleb1\wav\id10994\5GLhL4Km-_0\00019.wav,id10786,id10508,0.8943866156274354,365.3229999999894
voxceleb1\wav\id11048\P8-Fq-2Atiw\00004.wav,id10736,id10456,0.9919379463158448,697.9649000004429
voxceleb1\wav\id11073\M44AVe_BcGE\00002.wav,id10862,id10400,0.8085952268041365,471.9681999995373
voxceleb1\wav\id11175\9jq2l0AMcNA\00007.wav,id10762,id10802,0.9019588484836323,319.6999000010692
voxceleb1\wav\id10802\Alru9YC7xLc\00001.wav,id11059,id10762,0.9447396288668396,320.7918999996764
voxceleb1\wav\id11251\AvV4LWBq00g\00002.wav,id11009,id10400,1.0575436754155654,325.8894999999029
voxceleb1\wav\id10786\BP8Lsp8p8iY\00009.wav,id10797,id10736,0.980657464681328,371.15129999983765
voxceleb1\wav\id11009\SiQyvjzbTp8\00007.wav,id10400,id10802,1.0002362551281896,355.606600000101
voxceleb1\wav\id10921\3eOLzFdEjYU\00003.wav,id11175,id10645,0.955308656075714,379.9499000015203
voxceleb1\wav\id10797\BDhnUQwGYAo\00004.wav,id10745,id11083,1.0033094423587654,367.99710000013874
voxceleb1\wav\id10592\PDfBidpJ5Jc\00002.wav,id10530,id10600,0.8825626320969198,390.5291999999463
voxceleb1\wav\id11083\WQrVyLYxYKE\00005.wav,id10946,bartek_t,0.9061508653543136,353.336300000592
voxceleb1\wav\id10900\Bcm3h0xffs8\00004.wav,id10946,id10786,0.9167581042966843,410.3307000004861
voxceleb1\wav\id10950\8pDGaKmyWhU\00008.wav,id10824,id11073,0.9830409269058314,369.27100000139035
voxceleb1\wav\id10762\3nd2hWTR0LQ\00005.wav,id10824,id10824,1.0153028521745928,404.9685000009049
voxceleb1\wav\id10994\5GLhL4Km-_0\00007.wav,id10736,id10950,0.9199431938336009,418.7725000010687
voxceleb1\wav\id10786\CWtlsidCW0w\00005.wav,id10824,id10745,0.9484588998571035,377.2877999999764
voxceleb1\wav\id10797\HlvtkeRBKv0\00002.wav,id10786,id10600,0.939740239942563,454.4574999999895
voxceleb1\wav\id10600\RkI7NNeesVU\00001.wav,id10645,id10745,1.0333375114402155,683.818199999223
voxceleb1\wav\id10950\8pDGaKmyWhU\00013.wav,id10802,id10900,0.9540095289882439,500.76809999882244
voxceleb1\wav\id11175\ixpTkk5wuWY\00002.wav,id11059,id10592,0.6102845618254368,420.3918999992311
voxceleb1\wav\id10912\3efhGhqizHg\00005.wav,id11073,krzysiek,1.0309526168796754,362.22499999894353
voxceleb1\wav\id11059\9ow-Q4wUAgc\00001.wav,id10400,id10400,0.7860883877345326,328.1667999999627
voxceleb1\wav\id10400\T2huaLHjXY0\00004.wav,id10600,id10900,1.0106634363771205,346.466999999393
voxceleb1\wav\id10946\NdrTWoGwC7k\00002.wav,id10797,bartek_t,0.9321063974315742,328.70829999956186
voxceleb1\wav\id10797\BDhnUQwGYAo\00016.wav,id10875,id10994,0.9802759074704313,357.65660000106436
voxceleb1\wav\id10456\Lrgya-GutUg\00009.wav,id10875,id11009,0.8847872800820304,373.9523000003828
voxceleb1\wav\id11142\Gicu1gUl6iw\00013.wav,id10862,id10762,0.8703955675580821,362.83910000020114
voxceleb1\wav\id11112\FUiiruCPVTI\00003.wav,id11083,id10508,0.8805712303881019,358.21539999960805
voxceleb1\wav\id11045\HewcG4UqpIU\00001.wav,id10912,krzysiek,0.9234990497992897,444.1384999990987
voxceleb1\wav\id10456\M2oGSkEpyEc\00003.wav,id10756,id10802,0.8614426865998941,590.5653999998322
voxceleb1\wav\id11048\P8-Fq-2Atiw\00008.wav,id10600,id10592,0.9356674197861006,408.4710000006453
voxceleb1\wav\id11045\5AQnA6DzZ80\00002.wav,id10756,id10900,0.8009243386875934,340.513799999826
voxceleb1\wav\id10912\3efhGhqizHg\00001.wav,id11059,id10600,0.937858461226679,432.86839999927906
voxceleb1\wav\id10530\CKRWmWrEU00\00009.wav,id10762,bartek_t,1.0995910982649157,447.5533999993786
voxceleb1\wav\id10950\8pDGaKmyWhU\00006.wav,id11112,id10456,1.0697247471653084,399.2811999996775
voxceleb1\wav\id10400\UkZsd-dpZTg\00008.wav,id11083,id10946,0.9198612790434189,397.12670000153594
voxceleb1\wav\id11251\7GtZpUtReJ8\00005.wav,id10824,id11251,0.4210477456952141,339.0734999993583
voxceleb1\wav\id10921\0Pz31wdsopU\00010.wav,id10745,id11048,0.8957054498229394,331.13939999930153
voxceleb1\wav\id10824\FbKRFA9Efgc\00001.wav,id10756,id10950,0.9646058815825639,339.4250000001193
voxceleb1\wav\id10645\OY_D-xhu9U8\00003.wav,id10802,id10508,0.8287183077825703,333.8640999991185
voxceleb1\wav\id10824\EPj8oj_wjI4\00005.wav,id10950,id11142,1.0160771196112106,304.38580000009097
voxceleb1\wav\id11251\9h3PzQ9kL4w\00001.wav,id10600,id10921,0.9446696417421683,310.3860999999597
voxceleb1\wav\id11009\FUemeogd1lA\00002.wav,id10900,id10329,1.029893918677974,326.3724000007642
voxceleb1\wav\id10736\FiuNwOmESq8\00002.wav,id10592,id11045,1.0341828004251672,320.3467000003002
voxceleb1\wav\id10797\BDhnUQwGYAo\00006.wav,id10912,id11112,0.9825526122013609,308.08470000010857
voxceleb1\wav\id10946\NdrTWoGwC7k\00006.wav,id10476,id10592,0.8864010261572882,296.15240000021004
voxceleb1\wav\id10994\5GLhL4Km-_0\00005.wav,id10530,id11048,0.9352686394169896,308.3274000000529
voxceleb1\wav\id10786\CWtlsidCW0w\00001.wav,id10862,id10950,0.9296973465979648,304.7634000013204
voxceleb1\wav\id10508\OZxQo0H6O28\00005.wav,id11142,id11073,0.9190952010768,297.2522999989451
voxceleb1\wav\id10456\L6TBYanT-fQ\00002.wav,id10592,id10736,0.9001573372941166,291.35759999917354
voxceleb1\wav\id11009\FUemeogd1lA\00004.wav,id11048,id11048,0.9548074389836987,314.4129000011162
voxceleb1\wav\id11048\P8-Fq-2Atiw\00005.wav,id10802,id10756,0.9079538394919855,265.1600999997754
voxceleb1\wav\id10786\CWtlsidCW0w\00004.wav,id10508,id11175,0.9711163065323308,309.52219999926456
voxceleb1\wav\id10950\AN6ap6hG9OI\00002.wav,id10921,id10862,0.981863393347137,336.00339999975404
voxceleb1\wav\id10946\NdrTWoGwC7k\00003.wav,id10756,id11251,1.0128565268894683,301.20650000026217
voxceleb1\wav\id10797\BDhnUQwGYAo\00017.wav,id10900,id11083,1.1043362327265687,325.42819999980566
voxceleb1\wav\id11073\9sGEfsatKi8\00003.wav,id10329,id11073,0.3527657012023657,317.3088999992615
voxceleb1\wav\id10802\FuJgSCtw2VA\00008.wav,id11059,id11048,0.8618192232243683,329.81889999973646
voxceleb1\wav\id10645\PpufCRHg9os\00001.wav,id10508,krzysiek,0.9269225736146316,322.99520000015036
voxceleb1\wav\id10600\ILvCnoHCpMs\00004.wav,id10756,id10862,1.0296255574847717,274.9856999998883
voxceleb1\wav\id10600\Pxh-ihSUOTk\00004.wav,id11045,id10912,0.9882160003616404,284.4996000003448
voxceleb1\wav\id11048\P8-Fq-2Atiw\00010.wav,id11083,id10802,0.9818537096297513,275.8546999993996
voxceleb1\wav\id10530\CKRWmWrEU00\00008.wav,id11175,id10530,0.3289429031843758,271.0713000014948
voxceleb1\wav\id10745\5EPvrY18MoQ\00009.wav,id11059,id10862,0.8958864377974147,278.3558000010089
voxceleb1\wav\id11083\HZE1wgLEXBw\00001.wav,id10802,id11059,0.9511818734115796,300.26969999926223
voxceleb1\wav\id10476\agQ0RfUEo14\00001.wav,id10921,id10802,0.9567218917607563,299.7360999997909
voxceleb1\wav\id10950\8pDGaKmyWhU\00005.wav,id10745,id11073,0.9553432256533034,293.2822999991913
voxceleb1\wav\id10797\BDhnUQwGYAo\00011.wav,id10645,bartek_t,0.8208626838791575,271.58609999969485
voxceleb1\wav\id10329\EXBuk_FwHu0\00011.wav,id10875,id10994,0.8939035350797178,267.19540000158304
voxceleb1\wav\id10476\agQ0RfUEo14\00005.wav,id10797,id10921,0.8886676039840723,260.20040000003064
voxceleb1\wav\id10645\QqO6kjUmbR8\00001.wav,id10797,id10400,0.9804311593321177,289.15369999958784
voxceleb1\wav\id10762\3nd2hWTR0LQ\00001.wav,id10530,id11112,0.8107321367553473,291.558899998563
voxceleb1\wav\id10645\FvwFfMvvIQ0\00001.wav,id10508,id10912,0.9153051016620158,315.6340999994427
voxceleb1\wav\id10786\BP8Lsp8p8iY\00006.wav,id11083,id10756,0.9198325254868202,308.20780000067316
voxceleb1\wav\id11142\2n8y1cwQoyo\00003.wav,id11048,id11112,0.8111770951248153,275.3451999997196
voxceleb1\wav\id10745\A8-uShr2gJc\00002.wav,id10530,id10786,0.9990626011331808,306.3194000005751
voxceleb1\wav\id10530\7Qk9YtRpUe0\00003.wav,id11009,id10946,0.9435028723495547,298.5798000008799
voxceleb1\wav\id10476\HvleHkiBb3s\00004.wav,id10756,id10824,1.063754747528832,294.60979999930714
voxceleb1\wav\id11112\FUiiruCPVTI\00001.wav,id10900,id10921,0.9296099040066056,290.20219999983965
voxceleb1\wav\id10802\FuJgSCtw2VA\00006.wav,id10745,id10862,0.7724330032794717,287.6171999996586
voxceleb1\wav\id11083\G2ktKa3zK-g\00003.wav,id11059,id10862,0.9085253154331543,272.0814000003884
voxceleb1\wav\id10900\Bcm3h0xffs8\00001.wav,id10994,bartek_m,0.8942512437774364,272.89550000023155
