wav_path,claimed_id,genuine,rt60_bin,rt60_s,rir_file,distance,latency_ms
voxceleb1\wav\id10400\QS6RrYT7KKM\00003.wav,id10400,True,medium,0.3439375,small_office.wav,0.5327846376399733,386.74170000012964
voxceleb1\wav\id10912\2yUgv3B_YcI\00011.wav,id10912,True,medium,0.3439375,small_office.wav,0.44240335918271734,306.64380000234814
voxceleb1\wav\id10875\ZOsjLV0XXlQ\00005.wav,id10875,True,medium,0.3439375,small_office.wav,0.4369404069349224,356.0416999971494
voxceleb1\wav\id11142\Gicu1gUl6iw\00008.wav,id11142,True,medium,0.3439375,small_office.wav,0.42654266561226184,433.93490000016754
voxceleb1\wav\id10736\8hMkhwBzaJY\00011.wav,id10736,True,medium,0.3439375,small_office.wav,0.4354059295449151,362.0893999977852
voxceleb1\wav\id10824\EPj8oj_wjI4\00005.wav,id10824,True,medium,0.3439375,small_office.wav,0.3377345845406353,324.8014000055264
voxceleb1\wav\id10786\BP8Lsp8p8iY\00010.wav,id10786,True,medium,0.3439375,small_office.wav,0.5573951151536322,311.4246000041021
voxceleb1\wav\id10994\5GLhL4Km-_0\00007.wav,id10994,True,medium,0.3439375,small_office.wav,0.44040360434390047,415.1276999982656
voxceleb1\wav\id10736\FiuNwOmESq8\00001.wav,id10736,True,medium,0.3439375,small_office.wav,0.4665598048842017,348.8761000044178
voxceleb1\wav\id10875\bDzNAlq_PXY\00002.wav,id10875,True,medium,0.3439375,small_office.wav,0.3751344866284052,320.50860000163084
voxceleb1\wav\id10862\2bn9i9re2yI\00017.wav,id10862,True,medium,0.3439375,small_office.wav,0.3949280468652592,308.99979999958305
voxceleb1\wav\id10862\2bn9i9re2yI\00028.wav,id10862,True,medium,0.3439375,small_office.wav,0.5889419569945653,317.5658999971347
voxceleb1\wav\id10456\L6TBYanT-fQ\00004.wav,id10456,True,medium,0.3439375,small_office.wav,0.42999402614496895,374.89540000387933
voxceleb1\wav\id10745\5EPvrY18MoQ\00007.wav,id10745,True,medium,0.3439375,small_office.wav,0.23613725477102532,451.19919999706326
voxceleb1\wav\id10994\5GLhL4Km-_0\00014.wav,id10994,True,medium,0.3439375,small_office.wav,0.39552818620619945,326.2486999956309
voxceleb1\wav\id10912\2yUgv3B_YcI\00018.wav,id10912,True,medium,0.3439375,small_office.wav,0.36619653419215703,317.970800002513
voxceleb1\wav\id11059\NvZ7wAj3STs\00001.wav,id11059,True,medium,0.3439375,small_office.wav,0.3518291262857225,329.17710000037914
voxceleb1\wav\id10912\2yUgv3B_YcI\00013.wav,id10912,True,medium,0.3439375,small_office.wav,0.3340437993954608,349.7897000052035
voxceleb1\wav\id10508\OZxQo0H6O28\00007.wav,id10508,True,medium,0.3439375,small_office.wav,0.5968840290719692,346.389199999976
voxceleb1\wav\id10400\QS6RrYT7KKM\00006.wav,id10400,True,medium,0.3439375,small_office.wav,0.4629126657615753,338.6967000042205
voxceleb1\wav\id11048\P8-Fq-2Atiw\00007.wav,id11048,True,medium,0.3439375,small_office.wav,0.4564785535048904,340.518199998769
voxceleb1\wav\id11009\77WS8eN5h3s\00009.wav,id11009,True,medium,0.3439375,small_office.wav,0.28633331047401556,306.7717000012635
voxceleb1\wav\id10946\NdrTWoGwC7k\00002.wav,id10946,True,medium,0.3439375,small_office.wav,0.5118732176097222,287.0584999982384
voxceleb1\wav\id10508\8t97-YsuqpM\00012.wav,id10508,True,medium,0.3439375,small_office.wav,0.37514079239254905,308.9862999986508
voxceleb1\wav\id11059\89FrzqI2x0A\00005.wav,id11059,True,medium,0.3439375,small_office.wav,0.4612298716331974,297.6362000044901
voxceleb1\wav\id10736\Wx-dJoKmZQk\00001.wav,id10736,True,medium,0.3439375,small_office.wav,0.501868437559541,293.11479999887524
voxceleb1\wav\id11045\6YdMVTk-eJ8\00001.wav,id11045,True,medium,0.3439375,small_office.wav,0.5255851551613033,312.6325999983237
voxceleb1\wav\id11251\7GtZpUtReJ8\00005.wav,id11251,True,medium,0.3439375,small_office.wav,0.4583192186695687,309.7953999968013
voxceleb1\wav\id10994\5GLhL4Km-_0\00013.wav,id10994,True,medium,0.3439375,small_office.wav,0.41612579800869787,295.65780000120867
voxceleb1\wav\id10900\6ciWZe60ahQ\00010.wav,id10900,True,medium,0.3439375,small_office.wav,0.3500689061071597,302.90080000122543
voxceleb1\wav\id10736\Wx-dJoKmZQk\00004.wav,id10736,True,medium,0.3439375,small_office.wav,0.5715303823778279,330.75860000099055
voxceleb1\wav\id10912\67p2Yi5aHUM\00001.wav,id10912,True,medium,0.3439375,small_office.wav,0.36554588824528644,303.6950000023353
voxceleb1\wav\id11059\9ow-Q4wUAgc\00003.wav,id11059,True,medium,0.3439375,small_office.wav,0.5241154226062552,295.3923999957624
voxceleb1\wav\id10476\HvleHkiBb3s\00004.wav,id10476,True,medium,0.3439375,small_office.wav,0.4894627671607905,317.9281999982777
voxceleb1\wav\id10912\2yUgv3B_YcI\00020.wav,id10912,True,medium,0.3439375,small_office.wav,0.3971427152140147,323.18900000245776
voxceleb1\wav\id11045\AvQ8yF93phA\00001.wav,id11045,True,medium,0.3439375,small_office.wav,0.38008391524245755,305.18599999777507
voxceleb1\wav\id11142\2n8y1cwQoyo\00004.wav,id11142,True,medium,0.3439375,small_office.wav,0.4685528520852058,329.965999997512
voxceleb1\wav\id11175\ceU3Lw9-d9M\00004.wav,id11175,True,medium,0.3439375,small_office.wav,0.4467874488748016,319.20330000139074
voxceleb1\wav\id11048\P8-Fq-2Atiw\00006.wav,id11048,True,medium,0.3439375,small_office.wav,0.4533828543109406,313.2132000027923
voxceleb1\wav\id11048\O8yIcoe2doA\00007.wav,id11048,True,medium,0.3439375,small_office.wav,0.4119924312778608,309.860800000024
voxceleb1\wav\id11112\F-f32mt56js\00001.wav,id11112,True,medium,0.3439375,small_office.wav,0.40141651441706305,308.56389999826206
voxceleb1\wav\id10862\2bn9i9re2yI\00016.wav,id10862,True,medium,0.3439375,small_office.wav,0.33333276736416184,292.1638999978313
voxceleb1\wav\id11009\SiQyvjzbTp8\00004.wav,id11009,True,medium,0.3439375,small_office.wav,0.3350952119527072,295.3008999975282
voxceleb1\wav\id11059\89FrzqI2x0A\00009.wav,id11059,True,medium,0.3439375,small_office.wav,0.34444287151275976,282.4098999990383
voxceleb1\wav\id11048\P8-Fq-2Atiw\00008.wav,id11048,True,medium,0.3439375,small_office.wav,0.40286387872140716,287.96300000249175
voxceleb1\wav\id11251\K7BJPsQgDP8\00001.wav,id11251,True,medium,0.3439375,small_office.wav,0.6556487923614409,273.87359999556793
voxceleb1\wav\id10802\Alru9YC7xLc\00001.wav,id10802,True,medium,0.3439375,small_office.wav,0.36053852942312137,283.07139999378705
voxceleb1\wav\id10921\B8oFwcURrps\00007.wav,id10921,True,medium,0.3439375,small_office.wav,0.3481754929736889,317.2878999976092
voxceleb1\wav\id10756\3kvWhMqqhhA\00007.wav,id10756,True,medium,0.3439375,small_office.wav,0.5316517093343536,338.7109999966924
voxceleb1\wav\id11073\9sGEfsatKi8\00004.wav,id11073,True,medium,0.3439375,small_office.wav,0.34290527689688355,330.4892999949516
voxceleb1\wav\id10645\FvwFfMvvIQ0\00002.wav,id10645,True,medium,0.3439375,small_office.wav,0.48670946741070364,322.70369999605464
voxceleb1\wav\id10824\Ez1o4NcC7pY\00003.wav,id10824,True,medium,0.3439375,small_office.wav,0.4316263331125034,307.78730000020005
voxceleb1\wav\id10400\QS6RrYT7KKM\00002.wav,id10400,True,medium,0.3439375,small_office.wav,0.4052096637448881,274.1150999936508
voxceleb1\wav\id10862\2bn9i9re2yI\00010.wav,id10862,True,medium,0.3439375,small_office.wav,0.5607368855228282,324.1054999962216
voxceleb1\wav\id10950\8pDGaKmyWhU\00014.wav,id10950,True,medium,0.3439375,small_office.wav,0.5888753280433932,381.42489999881946
voxceleb1\wav\id10786\9w-EimtMXWs\00010.wav,id10786,True,medium,0.3439375,small_office.wav,0.37963941751950836,336.73710000584833
voxceleb1\wav\id10994\5GLhL4Km-_0\00008.wav,id10994,True,medium,0.3439375,small_office.wav,0.34755989541502696,336.1661000017193
voxceleb1\wav\id10797\BDhnUQwGYAo\00012.wav,id10797,True,medium,0.3439375,small_office.wav,0.6415322951050334,335.96890000626445
voxceleb1\wav\id10875\ZOsjLV0XXlQ\00007.wav,id10875,True,medium,0.3439375,small_office.wav,0.34531613030474373,321.145300003991
voxceleb1\wav\id10329\EXBuk_FwHu0\00015.wav,id10329,True,medium,0.3439375,small_office.wav,0.424608977209189,307.6994000002742
voxceleb1\wav\id10400\UkZsd-dpZTg\00008.wav,id10400,True,medium,0.3439375,small_office.wav,0.4523804625165677,341.0855999973137
voxceleb1\wav\id10736\Wx-dJoKmZQk\00005.wav,id10736,True,medium,0.3439375,small_office.wav,0.46990809071891426,311.3673000043491
voxceleb1\wav\id10762\1ZWoxzrBYH8\00013.wav,id10762,True,medium,0.3439375,small_office.wav,0.5039443131926054,343.1360999966273
voxceleb1\wav\id10400\UkZsd-dpZTg\00004.wav,id10400,True,medium,0.3439375,small_office.wav,0.40126974021935646,746.3967999938177
voxceleb1\wav\id11175\9jq2l0AMcNA\00018.wav,id11175,True,medium,0.3439375,small_office.wav,0.6284180283342744,1518.8636000020779
voxceleb1\wav\id11083\e216s0XVJIA\00004.wav,id11083,True,medium,0.3439375,small_office.wav,0.4324269001189679,615.6747999993968
voxceleb1\wav\id11009\IJrEEVoYmWw\00004.wav,id11009,True,medium,0.3439375,small_office.wav,0.40275108667689663,540.6230000007781
voxceleb1\wav\id10329\EXBuk_FwHu0\00022.wav,id10329,True,medium,0.3439375,small_office.wav,0.360374608074444,1431.5941000022576
voxceleb1\wav\id10745\GeM07WoKPRQ\00005.wav,id10745,True,medium,0.3439375,small_office.wav,0.3353023312358606,1684.4796000004862
voxceleb1\wav\id10786\BP8Lsp8p8iY\00006.wav,id10786,True,medium,0.3439375,small_office.wav,0.482378598386781,1197.9972000044654
voxceleb1\wav\id10736\QU2_gJwqlrk\00002.wav,id10736,True,medium,0.3439375,small_office.wav,0.5616813292773004,667.7721000014571
voxceleb1\wav\id11073\9sGEfsatKi8\00001.wav,id11073,True,medium,0.3439375,small_office.wav,0.4275896244454602,614.7282000019914
voxceleb1\wav\id10875\ZOsjLV0XXlQ\00006.wav,id10875,True,medium,0.3439375,small_office.wav,0.33586938767631935,684.5575999977882
voxceleb1\wav\id10875\bDzNAlq_PXY\00010.wav,id10875,True,medium,0.3439375,small_office.wav,0.336359218824527,546.3311999992584
voxceleb1\wav\id10862\2bn9i9re2yI\00027.wav,id10862,True,medium,0.3439375,small_office.wav,0.3526712220576138,488.33619999641087
voxceleb1\wav\id10592\8IIwLtU_XrQ\00005.wav,id10592,True,medium,0.3439375,small_office.wav,0.49375386013755485,470.7546999998158
voxceleb1\wav\id10802\Hx-Zv22BEQU\00001.wav,id10802,True,medium,0.3439375,small_office.wav,0.5670308536019149,501.46459999814397
voxceleb1\wav\id10530\B8oeUlhmqFE\00007.wav,id10530,True,medium,0.3439375,small_office.wav,0.536720418629141,633.3162000009906
voxceleb1\wav\id11073\9sGEfsatKi8\00003.wav,id11073,True,medium,0.3439375,small_office.wav,0.3771000065590965,744.2454999982147
voxceleb1\wav\id10508\OZxQo0H6O28\00006.wav,id10508,True,medium,0.3439375,small_office.wav,0.6082426896239879,788.8921000048867
voxceleb1\wav\id11045\5AQnA6DzZ80\00001.wav,id11045,True,medium,0.3439375,small_office.wav,0.46533583012542556,724.8944999955711
voxceleb1\wav\id10329\EXBuk_FwHu0\00012.wav,id10329,True,medium,0.3439375,small_office.wav,0.508547451579527,495.8820000028936
voxceleb1\wav\id10862\2bn9i9re2yI\00018.wav,id10862,True,medium,0.3439375,small_office.wav,0.27918172923382256,643.0815999992774
voxceleb1\wav\id10946\MSCo-Dauf1M\00002.wav,id10946,True,medium,0.3439375,small_office.wav,0.4945751264990511,463.9845999990939
voxceleb1\wav\id11112\BtvYf7-8Vr4\00008.wav,id11112,True,medium,0.3439375,small_office.wav,0.4618058949478242,443.3830999987549
voxceleb1\wav\id11175\9jq2l0AMcNA\00015.wav,id11175,True,medium,0.3439375,small_office.wav,0.36604960247890883,460.0655000031111
voxceleb1\wav\id10802\IURLbUMafXs\00002.wav,id10802,True,medium,0.3439375,small_office.wav,0.37032485711094987,381.9853000022704
voxceleb1\wav\id11142\Gicu1gUl6iw\00004.wav,id11142,True,medium,0.3439375,small_office.wav,0.4241526722090493,357.1462999971118
voxceleb1\wav\id11251\Tmh87G_cDZo\00003.wav,id11251,True,medium,0.3439375,small_office.wav,0.5900372332463075,386.0763999982737
voxceleb1\wav\id11083\KMGLj7Ql3ZY\00004.wav,id11083,True,medium,0.3439375,small_office.wav,0.46708901894191523,399.7763999941526
voxceleb1\wav\id10921\B8oFwcURrps\00004.wav,id10921,True,medium,0.3439375,small_office.wav,0.33201524090820633,391.68549999885727
voxceleb1\wav\id10912\3efhGhqizHg\00002.wav,id10912,True,medium,0.3439375,small_office.wav,0.42571812606747284,423.1666999985464
voxceleb1\wav\id10745\5EPvrY18MoQ\00008.wav,id10745,True,medium,0.3439375,small_office.wav,0.28349612642503574,393.8056000042707
voxceleb1\wav\id11048\O8yIcoe2doA\00006.wav,id11048,True,medium,0.3439375,small_office.wav,0.49817318806067235,472.5883999999496
voxceleb1\wav\id10912\2yUgv3B_YcI\00016.wav,id10912,True,medium,0.3439375,small_office.wav,0.3437999700113954,425.50679999840213
voxceleb1\wav\id10756\3kvWhMqqhhA\00004.wav,id10756,True,medium,0.3439375,small_office.wav,0.41563551236262697,427.7332000056049
voxceleb1\wav\id11142\Gicu1gUl6iw\00012.wav,id11142,True,medium,0.3439375,small_office.wav,0.4038330747079608,427.0068999976502
voxceleb1\wav\id10950\9PdJXCWsX1w\00001.wav,id10950,True,medium,0.3439375,small_office.wav,0.4289368756636094,384.5309000025736
voxceleb1\wav\id10736\8hMkhwBzaJY\00009.wav,id10736,True,medium,0.3439375,small_office.wav,0.40518101508222093,382.57599999633385
voxceleb1\wav\id10476\agQ0RfUEo14\00003.wav,id10476,True,medium,0.3439375,small_office.wav,0.45392294257396026,351.28590000385884
voxceleb1\wav\id10862\2bn9i9re2yI\00025.wav,id10329,False,medium,0.3439375,small_office.wav,0.9274507014428873,308.39060000289464
voxceleb1\wav\id10530\B8oeUlhmqFE\00007.wav,id10476,False,medium,0.3439375,small_office.wav,0.9789368705790626,310.73710000055144
voxceleb1\wav\id10900\EWCiDtQ67bQ\00002.wav,id10950,False,medium,0.3439375,small_office.wav,0.8655435666600068,316.2106000017957
voxceleb1\wav\id10797\BDhnUQwGYAo\00013.wav,id10745,False,medium,0.3439375,small_office.wav,1.034283446851373,292.69910000584787
voxceleb1\wav\id10745\5EPvrY18MoQ\00010.wav,id10797,False,medium,0.3439375,small_office.wav,0.9954387348180133,320.4556999990018
voxceleb1\wav\id11112\F-f32mt56js\00003.wav,id10508,False,medium,0.3439375,small_office.wav,0.8489452754639889,292.5147000059951
voxceleb1\wav\id11045\HewcG4UqpIU\00006.wav,id10476,False,medium,0.3439375,small_office.wav,0.9740877620618565,327.1918000027654
voxceleb1\wav\id10994\8s305d0nSog\00001.wav,id10476,False,medium,0.3439375,small_office.wav,0.9586904514059801,306.8349000022863
voxceleb1\wav\id10736\QhWw4AxHRrQ\00002.wav,id11048,False,medium,0.3439375,small_office.wav,0.8694672755441009,315.3420999951777
voxceleb1\wav\id10400\UkZsd-dpZTg\00007.wav,id10756,False,medium,0.3439375,small_office.wav,0.9801724351928635,361.76720000366913
voxceleb1\wav\id10745\GeM07WoKPRQ\00007.wav,id10762,False,medium,0.3439375,small_office.wav,0.8889850999602313,303.21640000329353
voxceleb1\wav\id10456\M2oGSkEpyEc\00004.wav,id10736,False,medium,0.3439375,small_office.wav,0.938618331321296,329.28130000072997
voxceleb1\wav\id10756\3kvWhMqqhhA\00012.wav,id10592,False,medium,0.3439375,small_office.wav,0.8990796520813341,344.65040000213776
voxceleb1\wav\id10530\B8oeUlhmqFE\00001.wav,id10736,False,medium,0.3439375,small_office.wav,0.9709579278889904,368.2078999991063
voxceleb1\wav\id11059\89FrzqI2x0A\00007.wav,id11059,False,medium,0.3439375,small_office.wav,0.5900596528471835,425.8549000005587
voxceleb1\wav\id11059\89FrzqI2x0A\00009.wav,id10592,False,medium,0.3439375,small_office.wav,0.8853930972243648,382.71399999939604
voxceleb1\wav\id10476\W5nH1YBDHUg\00005.wav,id10736,False,medium,0.3439375,small_office.wav,0.9747837807448057,379.4675000026473
voxceleb1\wav\id11142\Gicu1gUl6iw\00014.wav,id10875,False,medium,0.3439375,small_office.wav,0.9653507776884461,336.46710000175517
voxceleb1\wav\id10456\UzUsGNJ9cEs\00001.wav,id10736,False,medium,0.3439375,small_office.wav,0.8748081517745434,319.6712999997544
voxceleb1\wav\id10862\2bn9i9re2yI\00017.wav,bartek_t,False,medium,0.3439375,small_office.wav,0.9336621636223754,332.96490000066115
voxceleb1\wav\id10797\BDhnUQwGYAo\00016.wav,id10994,False,medium,0.3439375,small_office.wav,0.9211556455875622,298.6700999972527
voxceleb1\wav\id10802\Hx-Zv22BEQU\00001.wav,id10645,False,medium,0.3439375,small_office.wav,1.0258208329917595,304.9497000029078
voxceleb1\wav\id10456\Lrgya-GutUg\00004.wav,id10600,False,medium,0.3439375,small_office.wav,0.9567507493690015,321.1081999979797
voxceleb1\wav\id10824\EPj8oj_wjI4\00002.wav,id10530,False,medium,0.3439375,small_office.wav,0.7636192103018014,320.4951000006986
voxceleb1\wav\id10329\EXBuk_FwHu0\00014.wav,id10946,False,medium,0.3439375,small_office.wav,0.9980328917320814,349.76459999597864
voxceleb1\wav\id10921\9tW_4EHjdZs\00001.wav,id10862,False,medium,0.3439375,small_office.wav,0.9885313857524514,353.5092000020086
voxceleb1\wav\id10745\GeM07WoKPRQ\00002.wav,id10756,False,medium,0.3439375,small_office.wav,0.8459310417161372,333.58210000005784
voxceleb1\wav\id10645\PpufCRHg9os\00001.wav,krzysiek,False,medium,0.3439375,small_office.wav,0.9297674116614127,320.71029999497114
voxceleb1\wav\id11045\HewcG4UqpIU\00007.wav,id10745,False,medium,0.3439375,small_office.wav,0.952974616868858,320.85100000404054
voxceleb1\wav\id11142\Gicu1gUl6iw\00008.wav,id10921,False,medium,0.3439375,small_office.wav,0.8889376724632574,308.1670999963535
voxceleb1\wav\id11073\9sGEfsatKi8\00010.wav,id11073,False,medium,0.3439375,small_office.wav,0.39420410338740086,301.52609999640845
voxceleb1\wav\id10756\3kvWhMqqhhA\00014.wav,id11083,False,medium,0.3439375,small_office.wav,1.0472185196628927,294.63760000362527
voxceleb1\wav\id10400\T2huaLHjXY0\00002.wav,id10456,False,medium,0.3439375,small_office.wav,0.8586149497832091,310.4860999956145
voxceleb1\wav\id11083\WQrVyLYxYKE\00003.wav,id10994,False,medium,0.3439375,small_office.wav,0.8633969964660121,314.65860000025714
voxceleb1\wav\id11142\Gicu1gUl6iw\00002.wav,id10736,False,medium,0.3439375,small_office.wav,0.9198697039622954,383.83640000392916
voxceleb1\wav\id11142\Gicu1gUl6iw\00012.wav,krzysiek,False,medium,0.3439375,small_office.wav,1.0292324552587093,352.31840000051307
voxceleb1\wav\id10824\FbKRFA9Efgc\00001.wav,id10950,False,medium,0.3439375,small_office.wav,0.8973019948534867,360.02060000464553
voxceleb1\wav\id10745\GeM07WoKPRQ\00001.wav,id10530,False,medium,0.3439375,small_office.wav,0.9591801997226708,345.80219999770634
voxceleb1\wav\id11251\Dfid1LOxOT8\00004.wav,id11048,False,medium,0.3439375,small_office.wav,0.8722058642839989,390.0610000055167
voxceleb1\wav\id10797\BDhnUQwGYAo\00014.wav,id10802,False,medium,0.3439375,small_office.wav,0.8779942572435263,412.0746999979019
voxceleb1\wav\id10946\MSCo-Dauf1M\00003.wav,id10508,False,medium,0.3439375,small_office.wav,0.9407299102382545,338.20859999832464
voxceleb1\wav\id10745\9NpQb6wgnNI\00005.wav,id11251,False,medium,0.3439375,small_office.wav,0.9918784561459413,324.80370000121184
voxceleb1\wav\id10600\I2RI1fFmtT4\00001.wav,id11009,False,medium,0.3439375,small_office.wav,1.0533878795443896,369.3261000007624
voxceleb1\wav\id10745\9NpQb6wgnNI\00004.wav,id10802,False,medium,0.3439375,small_office.wav,0.9507792962198209,427.392300000065
voxceleb1\wav\id10745\A8-uShr2gJc\00002.wav,id10786,False,medium,0.3439375,small_office.wav,1.0114460194986146,333.15420000144513
voxceleb1\wav\id10645\PpufCRHg9os\00002.wav,bartek_m,False,medium,0.3439375,small_office.wav,0.8445390275468941,364.99369999364717
voxceleb1\wav\id10736\QU2_gJwqlrk\00002.wav,id10508,False,medium,0.3439375,small_office.wav,0.8860786589203199,325.8609000040451
voxceleb1\wav\id10456\Lrgya-GutUg\00003.wav,bartek_m,False,medium,0.3439375,small_office.wav,1.0834203762913224,293.08209999726387
voxceleb1\wav\id11045\2miKTQb6chA\00013.wav,id11112,False,medium,0.3439375,small_office.wav,0.9291182122806284,319.2321000024094
voxceleb1\wav\id10400\T2huaLHjXY0\00004.wav,id10900,False,medium,0.3439375,small_office.wav,1.0480089567902517,324.14529999368824
voxceleb1\wav\id10946\CSMzcozTg08\00005.wav,id11073,False,medium,0.3439375,small_office.wav,0.7423679247739748,327.7613000027486
voxceleb1\wav\id10950\8pDGaKmyWhU\00006.wav,id10456,False,medium,0.3439375,small_office.wav,1.0011656719223976,289.94479999528266
voxceleb1\wav\id10786\BP8Lsp8p8iY\00009.wav,id10736,False,medium,0.3439375,small_office.wav,0.97697540554789,313.4451000005356
voxceleb1\wav\id11251\Dfid1LOxOT8\00003.wav,id11251,False,medium,0.3439375,small_office.wav,0.43245134861364976,331.99480000621406
voxceleb1\wav\id10530\CKRWmWrEU00\00008.wav,id10530,False,medium,0.3439375,small_office.wav,0.3981981276434494,313.25140000262763
voxceleb1\wav\id10476\agQ0RfUEo14\00008.wav,bartek_m,False,medium,0.3439375,small_office.wav,0.9063068468733265,353.8394999995944
voxceleb1\wav\id10786\BP8Lsp8p8iY\00010.wav,bartek_m,False,medium,0.3439375,small_office.wav,0.9547810867295249,364.90250000497326
voxceleb1\wav\id11048\O8yIcoe2doA\00005.wav,id11045,False,medium,0.3439375,small_office.wav,0.8193899293068818,396.82170000014594
voxceleb1\wav\id10756\3kvWhMqqhhA\00005.wav,id11251,False,medium,0.3439375,small_office.wav,0.8542791804224226,392.27199999731965
voxceleb1\wav\id10456\M2oGSkEpyEc\00001.wav,id10600,False,medium,0.3439375,small_office.wav,0.963094554024567,349.3222999968566
voxceleb1\wav\id11251\7GtZpUtReJ8\00003.wav,id11251,False,medium,0.3439375,small_office.wav,0.5231543549519178,345.67450000031386
voxceleb1\wav\id11073\9sGEfsatKi8\00008.wav,id10592,False,medium,0.3439375,small_office.wav,0.944296165732774,325.65749999776017
voxceleb1\wav\id10921\B8oFwcURrps\00012.wav,id11112,False,medium,0.3439375,small_office.wav,1.0440797121470957,321.49609999760287
voxceleb1\wav\id10756\3kvWhMqqhhA\00006.wav,id10762,False,medium,0.3439375,small_office.wav,0.9967982351991195,297.45399999956135
voxceleb1\wav\id10736\FiuNwOmESq8\00002.wav,id11045,False,medium,0.3439375,small_office.wav,1.056887136608662,306.6977000053157
voxceleb1\wav\id10645\PpufCRHg9os\00008.wav,id11048,False,medium,0.3439375,small_office.wav,0.9094806100674752,370.7267999998294
voxceleb1\wav\id11073\X2JQAUc-vnc\00002.wav,id10786,False,medium,0.3439375,small_office.wav,1.0386757126003854,319.03289999900153
voxceleb1\wav\id11045\AvQ8yF93phA\00001.wav,id10745,False,medium,0.3439375,small_office.wav,0.9032972613060347,331.4189000011538
voxceleb1\wav\id10994\5GLhL4Km-_0\00008.wav,id10994,False,medium,0.3439375,small_office.wav,0.34755989541502696,297.4065999951563
voxceleb1\wav\id11045\2miKTQb6chA\00011.wav,id11045,False,medium,0.3439375,small_office.wav,0.342834039438802,345.06379999947967
voxceleb1\wav\id11112\F-f32mt56js\00008.wav,id10400,False,medium,0.3439375,small_office.wav,0.9258688844057985,345.15839999949094
voxceleb1\wav\id10824\Ez1o4NcC7pY\00001.wav,id10797,False,medium,0.3439375,small_office.wav,1.1043947880920406,327.7708000023267
voxceleb1\wav\id11142\2n8y1cwQoyo\00006.wav,bartek_t,False,medium,0.3439375,small_office.wav,0.9720600155365124,296.6027000002214
voxceleb1\wav\id10912\2yUgv3B_YcI\00017.wav,bartek_t,False,medium,0.3439375,small_office.wav,0.9415857386915859,309.0758999969694
voxceleb1\wav\id11142\Gicu1gUl6iw\00003.wav,id11251,False,medium,0.3439375,small_office.wav,0.911303261184459,319.7927000001073
voxceleb1\wav\id10400\QS6RrYT7KKM\00007.wav,id10645,False,medium,0.3439375,small_office.wav,0.9689637633877699,334.9177999989479
voxceleb1\wav\id11175\ceU3Lw9-d9M\00001.wav,id10875,False,medium,0.3439375,small_office.wav,1.040862338288004,357.69069999514613
voxceleb1\wav\id11112\BtvYf7-8Vr4\00003.wav,id11073,False,medium,0.3439375,small_office.wav,0.9114865248717912,407.0285999987391
voxceleb1\wav\id10900\6ciWZe60ahQ\00008.wav,id10900,False,medium,0.3439375,small_office.wav,0.3496707337047472,414.3312000014703
voxceleb1\wav\id10875\bDzNAlq_PXY\00009.wav,krzysiek,False,medium,0.3439375,small_office.wav,0.8768741053057515,320.91439999931026
voxceleb1\wav\id11009\FUemeogd1lA\00005.wav,id11048,False,medium,0.3439375,small_office.wav,0.9798581828059374,342.7557000031811
voxceleb1\wav\id11083\G2ktKa3zK-g\00003.wav,id10862,False,medium,0.3439375,small_office.wav,0.8990784465060656,344.0855000008014
voxceleb1\wav\id10802\FuJgSCtw2VA\00005.wav,id10862,False,medium,0.3439375,small_office.wav,0.8736709384533806,347.3932000051718
voxceleb1\wav\id10456\Liau5LQUvcQ\00001.wav,id10994,False,medium,0.3439375,small_office.wav,0.9289433902032077,351.8343999967328
voxceleb1\wav\id10329\EXBuk_FwHu0\00013.wav,id11048,False,medium,0.3439375,small_office.wav,0.8709524475744841,358.55009999795584
voxceleb1\wav\id11048\P8-Fq-2Atiw\00010.wav,id10802,False,medium,0.3439375,small_office.wav,0.9951610879873485,282.31740000046557
voxceleb1\wav\id11009\SiQyvjzbTp8\00006.wav,bartek_t,False,medium,0.3439375,small_office.wav,1.0248576663177835,312.1118000053684
voxceleb1\wav\id10762\3sfzgqqtbKM\00003.wav,id10508,False,medium,0.3439375,small_office.wav,0.8866248231963574,347.030500000983
voxceleb1\wav\id10762\3nd2hWTR0LQ\00001.wav,id11112,False,medium,0.3439375,small_office.wav,0.9161954731349923,320.4122000024654
voxceleb1\wav\id11142\Gicu1gUl6iw\00013.wav,id10762,False,medium,0.3439375,small_office.wav,0.902880079680253,311.2512000006973
voxceleb1\wav\id10745\A8-uShr2gJc\00001.wav,id10600,False,medium,0.3439375,small_office.wav,0.923759190458105,312.67059999663616
voxceleb1\wav\id11175\9jq2l0AMcNA\00015.wav,id10824,False,medium,0.3439375,small_office.wav,0.9601219606865131,329.4451999972807
voxceleb1\wav\id10797\PAWMq0oYIxI\00001.wav,bartek_t,False,medium,0.3439375,small_office.wav,0.8680938203619653,371.1963999958243
voxceleb1\wav\id10946\MSCo-Dauf1M\00002.wav,id10600,False,medium,0.3439375,small_office.wav,0.9658258504700262,364.4079000005149
voxceleb1\wav\id10508\8t97-YsuqpM\00011.wav,id10994,False,medium,0.3439375,small_office.wav,1.0231923670047123,382.1252999987337
voxceleb1\wav\id10329\EXBuk_FwHu0\00015.wav,id10645,False,medium,0.3439375,small_office.wav,1.0090338615895293,394.9043000029633
voxceleb1\wav\id10802\FuJgSCtw2VA\00008.wav,id11048,False,medium,0.3439375,small_office.wav,0.7965215788302875,413.3845000033034
voxceleb1\wav\id10994\5GLhL4Km-_0\00022.wav,id10824,False,medium,0.3439375,small_office.wav,0.7983806751448022,404.2764999976498
voxceleb1\wav\id10476\W5nH1YBDHUg\00003.wav,id11045,False,medium,0.3439375,small_office.wav,0.9955629307626173,526.6967999996268
voxceleb1\wav\id11009\FUemeogd1lA\00007.wav,id10329,False,medium,0.3439375,small_office.wav,0.8601623946821462,452.1013999983552
voxceleb1\wav\id10912\67p2Yi5aHUM\00002.wav,id10912,True,long,2.4143125,large_hall.wav,0.49171257591130235,464.8765999954776
voxceleb1\wav\id11009\77WS8eN5h3s\00010.wav,id11009,True,long,2.4143125,large_hall.wav,0.41292311496866874,399.0358000010019
voxceleb1\wav\id10736\Wx-dJoKmZQk\00001.wav,id10736,True,long,2.4143125,large_hall.wav,0.4936289445817893,318.965800004662
voxceleb1\wav\id10797\BDhnUQwGYAo\00005.wav,id10797,True,long,0.9131875,medium_room.wav,0.5477772816047183,316.74139999813633
voxceleb1\wav\id11083\HZE1wgLEXBw\00001.wav,id11083,True,long,0.9131875,medium_room.wav,0.40646951380741825,323.5142999983509
voxceleb1\wav\id10508\OZxQo0H6O28\00005.wav,id10508,True,long,0.9131875,medium_room.wav,0.4664803432577719,386.90089999727206
voxceleb1\wav\id11009\FUemeogd1lA\00002.wav,id11009,True,long,0.9131875,medium_room.wav,0.4097843211523453,422.14110000350047
voxceleb1\wav\id11142\Gicu1gUl6iw\00004.wav,id11142,True,long,0.9131875,medium_room.wav,0.45836878485298993,357.73380000318866
voxceleb1\wav\id10797\BDhnUQwGYAo\00010.wav,id10797,True,long,0.9131875,medium_room.wav,0.5333174178330558,426.1341000019456
voxceleb1\wav\id10456\L6TBYanT-fQ\00004.wav,id10456,True,long,0.9131875,medium_room.wav,0.4494767852238405,367.79180000303313
voxceleb1\wav\id10900\Bcm3h0xffs8\00003.wav,id10900,True,long,2.4143125,large_hall.wav,0.35916523177861803,348.6765999987256
voxceleb1\wav\id11073\9sGEfsatKi8\00003.wav,id11073,True,long,0.9131875,medium_room.wav,0.39220316587038684,338.21069999976316
voxceleb1\wav\id10786\9w-EimtMXWs\00011.wav,id10786,True,long,0.9131875,medium_room.wav,0.2614591294222516,319.3041999984416
voxceleb1\wav\id11251\AvV4LWBq00g\00001.wav,id11251,True,long,2.4143125,large_hall.wav,0.4945172686788877,327.4667999939993
voxceleb1\wav\id11083\KMGLj7Ql3ZY\00003.wav,id11083,True,long,0.9131875,medium_room.wav,0.48518349011359685,385.67289999627974
voxceleb1\wav\id10756\3kvWhMqqhhA\00001.wav,id10756,True,long,2.4143125,large_hall.wav,0.4835182642833583,377.82409999636
voxceleb1\wav\id11048\P8-Fq-2Atiw\00003.wav,id11048,True,long,0.9131875,medium_room.wav,0.5639936771593821,422.1061999996891
voxceleb1\wav\id10950\ABumGmJrM4U\00001.wav,id10950,True,long,2.4143125,large_hall.wav,0.5002570374109174,434.8513999939314
voxceleb1\wav\id10745\9NpQb6wgnNI\00001.wav,id10745,True,long,0.9131875,medium_room.wav,0.3660158135413164,396.066500004963
voxceleb1\wav\id10530\7Qk9YtRpUe0\00004.wav,id10530,True,long,0.9131875,medium_room.wav,0.28410662096703754,402.2680999987642
voxceleb1\wav\id10900\Bcm3h0xffs8\00002.wav,id10900,True,long,0.9131875,medium_room.wav,0.4672435031663431,456.53569999558385
voxceleb1\wav\id10824\FbKRFA9Efgc\00003.wav,id10824,True,long,0.9131875,medium_room.wav,0.522567140613994,458.0793999994057
voxceleb1\wav\id11048\O8yIcoe2doA\00005.wav,id11048,True,long,2.4143125,large_hall.wav,0.5021449697114821,593.7093999964418
voxceleb1\wav\id11142\2n8y1cwQoyo\00003.wav,id11142,True,long,0.9131875,medium_room.wav,0.5168513032244292,752.7651999989757
voxceleb1\wav\id10875\bDzNAlq_PXY\00014.wav,id10875,True,long,2.4143125,large_hall.wav,0.2364190389790154,570.3722000034759
voxceleb1\wav\id10329\EXBuk_FwHu0\00026.wav,id10329,True,long,2.4143125,large_hall.wav,0.3921433419210226,439.29400000342866
voxceleb1\wav\id11112\F-f32mt56js\00007.wav,id11112,True,long,2.4143125,large_hall.wav,0.3710426943263736,479.3052000022726
voxceleb1\wav\id11112\F-f32mt56js\00001.wav,id11112,True,long,2.4143125,large_hall.wav,0.39187637034973133,518.1080999973346
voxceleb1\wav\id10756\3kvWhMqqhhA\00006.wav,id10756,True,long,2.4143125,large_hall.wav,0.33339426905905645,525.3144000016619
voxceleb1\wav\id10400\T2huaLHjXY0\00003.wav,id10400,True,long,0.9131875,medium_room.wav,0.5020780290103812,458.7455999935628
voxceleb1\wav\id10912\2yUgv3B_YcI\00015.wav,id10912,True,long,0.9131875,medium_room.wav,0.28286444702109836,431.426700000884
voxceleb1\wav\id11009\IJrEEVoYmWw\00003.wav,id11009,True,long,2.4143125,large_hall.wav,0.49948641770473157,706.320199999027
voxceleb1\wav\id10400\UkZsd-dpZTg\00006.wav,id10400,True,long,2.4143125,large_hall.wav,0.4003289709987158,517.7088000054937
voxceleb1\wav\id10645\OY_D-xhu9U8\00002.wav,id10645,True,long,0.9131875,medium_room.wav,0.4981573209697321,385.759800003143
voxceleb1\wav\id10824\Ez1o4NcC7pY\00001.wav,id10824,True,long,2.4143125,large_hall.wav,0.46862705102793156,390.5726000011782
voxceleb1\wav\id10797\PAWMq0oYIxI\00001.wav,id10797,True,long,2.4143125,large_hall.wav,0.4824613296541229,377.23689999984344
voxceleb1\wav\id10736\Wx-dJoKmZQk\00003.wav,id10736,True,long,0.9131875,medium_room.wav,0.42562728591024346,400.9978999965824
voxceleb1\wav\id10745\9NpQb6wgnNI\00005.wav,id10745,True,long,0.9131875,medium_room.wav,0.4578211551938204,380.56930000311695
voxceleb1\wav\id10756\3kvWhMqqhhA\00014.wav,id10756,True,long,2.4143125,large_hall.wav,0.41809633669097646,358.54489999474026
voxceleb1\wav\id10476\O_k91Sbd0vw\00002.wav,id10476,True,long,0.9131875,medium_room.wav,0.3867377982103992,347.3135000022012
voxceleb1\wav\id10645\OY_D-xhu9U8\00003.wav,id10645,True,long,2.4143125,large_hall.wav,0.42008608367090794,365.2321999979904
voxceleb1\wav\id10797\BDhnUQwGYAo\00012.wav,id10797,True,long,2.4143125,large_hall.wav,0.5323090386832641,342.83850000065286
voxceleb1\wav\id11175\9jq2l0AMcNA\00010.wav,id11175,True,long,0.9131875,medium_room.wav,0.3663837290882227,418.7104000011459
voxceleb1\wav\id10921\B8oFwcURrps\00007.wav,id10921,True,long,2.4143125,large_hall.wav,0.3279802238710282,442.4356000017724
voxceleb1\wav\id11045\6YdMVTk-eJ8\00001.wav,id11045,True,long,2.4143125,large_hall.wav,0.5133720748183028,2055.638199999521
voxceleb1\wav\id10400\UkZsd-dpZTg\00003.wav,id10400,True,long,0.9131875,medium_room.wav,0.47869144271426833,2321.3847000006353
voxceleb1\wav\id10862\2bn9i9re2yI\00028.wav,id10862,True,long,2.4143125,large_hall.wav,0.5137632860559103,491.5541000009398
voxceleb1\wav\id10508\OZxQo0H6O28\00003.wav,id10508,True,long,0.9131875,medium_room.wav,0.4899782370827672,432.8377999991062
voxceleb1\wav\id10994\5GLhL4Km-_0\00005.wav,id10994,True,long,2.4143125,large_hall.wav,0.30713885048078093,408.1387999976869
voxceleb1\wav\id11045\5AQnA6DzZ80\00001.wav,id11045,True,long,0.9131875,medium_room.wav,0.5234036192077558,375.15849999908824
voxceleb1\wav\id10912\2yUgv3B_YcI\00009.wav,id10912,True,long,0.9131875,medium_room.wav,0.2538259074817971,382.0532000027015
voxceleb1\wav\id10994\5GLhL4Km-_0\00015.wav,id10994,True,long,2.4143125,large_hall.wav,0.36216085446188684,377.77460000506835
voxceleb1\wav\id10530\CKRWmWrEU00\00004.wav,id10530,True,long,0.9131875,medium_room.wav,0.4644136846295216,331.68250000016997
voxceleb1\wav\id10802\7DDauZk6s-M\00001.wav,id10802,True,long,2.4143125,large_hall.wav,0.45546357975787166,335.1425000000745
voxceleb1\wav\id10508\8t97-YsuqpM\00011.wav,id10508,True,long,2.4143125,large_hall.wav,0.36240716880789636,332.16299999912735
voxceleb1\wav\id10329\EXBuk_FwHu0\00024.wav,id10329,True,long,2.4143125,large_hall.wav,0.4574227395311825,311.27569999807747
voxceleb1\wav\id10786\9w-EimtMXWs\00009.wav,id10786,True,long,0.9131875,medium_room.wav,0.23728388964143143,325.5749999952968
voxceleb1\wav\id10762\1ZWoxzrBYH8\00010.wav,id10762,True,long,2.4143125,large_hall.wav,0.3097337149874362,321.5300000010757
voxceleb1\wav\id10994\5GLhL4Km-_0\00014.wav,id10994,True,long,2.4143125,large_hall.wav,0.3691318113885461,318.99300000077346
voxceleb1\wav\id11142\2n8y1cwQoyo\00005.wav,id11142,True,long,0.9131875,medium_room.wav,0.4735194748202013,329.7463999988395
voxceleb1\wav\id10921\B8oFwcURrps\00006.wav,id10921,True,long,2.4143125,large_hall.wav,0.3422171530410727,350.48050000477815
voxceleb1\wav\id10756\3kvWhMqqhhA\00009.wav,id10756,True,long,0.9131875,medium_room.wav,0.3873625797492285,358.9958000011393
voxceleb1\wav\id10797\HlvtkeRBKv0\00002.wav,id10797,True,long,2.4143125,large_hall.wav,0.4299983938804015,351.3478999957442
voxceleb1\wav\id11009\FUemeogd1lA\00001.wav,id11009,True,long,2.4143125,large_hall.wav,0.40811274760293637,365.81670000305166
voxceleb1\wav\id10875\bDzNAlq_PXY\00004.wav,id10875,True,long,0.9131875,medium_room.wav,0.3234900792284451,348.5595999954967
voxceleb1\wav\id10921\B8oFwcURrps\00004.wav,id10921,True,long,2.4143125,large_hall.wav,0.36373235296643935,389.54210000520106
voxceleb1\wav\id10745\GeM07WoKPRQ\00004.wav,id10745,True,long,2.4143125,large_hall.wav,0.3242573812939449,447.10180000402033
voxceleb1\wav\id11251\Dfid1LOxOT8\00002.wav,id11251,True,long,0.9131875,medium_room.wav,0.47287218863300096,417.37540000031004
voxceleb1\wav\id10329\EXBuk_FwHu0\00012.wav,id10329,True,long,0.9131875,medium_room.wav,0.4974134692721621,377.3854999963078
voxceleb1\wav\id11048\O8yIcoe2doA\00003.wav,id11048,True,long,2.4143125,large_hall.wav,0.3908927352423397,342.52449999621604
voxceleb1\wav\id10797\BDhnUQwGYAo\00009.wav,id10797,True,long,2.4143125,large_hall.wav,0.5758201704399626,369.521699998586
voxceleb1\wav\id11045\HewcG4UqpIU\00009.wav,id11045,True,long,2.4143125,large_hall.wav,0.35369141408432003,343.61080000235233
voxceleb1\wav\id10824\FbKRFA9Efgc\00002.wav,id10824,True,long,2.4143125,large_hall.wav,0.3888056715452338,350.22570000000997
voxceleb1\wav\id10456\Lrgya-GutUg\00005.wav,id10456,True,long,0.9131875,medium_room.wav,0.38520740885558136,315.41719999950146
voxceleb1\wav\id10592\K0YrTxZ9a4o\00002.wav,id10592,True,long,2.4143125,large_hall.wav,0.3569366581190837,341.73339999688324
voxceleb1\wav\id11073\X2JQAUc-vnc\00003.wav,id11073,True,long,2.4143125,large_hall.wav,0.39926727363025216,331.4710000049672
voxceleb1\wav\id10875\bDzNAlq_PXY\00015.wav,id10875,True,long,2.4143125,large_hall.wav,0.30565266554376,368.85859999893
voxceleb1\wav\id10745\GeM07WoKPRQ\00007.wav,id10745,True,long,0.9131875,medium_room.wav,0.27988261769353917,388.1748999992851
voxceleb1\wav\id10756\3kvWhMqqhhA\00013.wav,id10756,True,long,2.4143125,large_hall.wav,0.42306381405696303,599.0939999974216
voxceleb1\wav\id10862\2bn9i9re2yI\00015.wav,id10862,True,long,2.4143125,large_hall.wav,0.3464610951247856,454.2020999942906
voxceleb1\wav\id10994\5GLhL4Km-_0\00010.wav,id10994,True,long,0.9131875,medium_room.wav,0.36623088697742634,409.54900000360794
voxceleb1\wav\id10600\Pxh-ihSUOTk\00008.wav,id10600,True,long,2.4143125,large_hall.wav,0.4670142126588057,412.19789999740897
voxceleb1\wav\id10736\QhWw4AxHRrQ\00004.wav,id10736,True,long,0.9131875,medium_room.wav,0.5403062140687684,389.5610999970813
voxceleb1\wav\id10950\8pDGaKmyWhU\00013.wav,id10950,True,long,2.4143125,large_hall.wav,0.6140805628097852,418.461400004162
voxceleb1\wav\id11083\WQrVyLYxYKE\00004.wav,id11083,True,long,0.9131875,medium_room.wav,0.5001404386014168,446.89870000001974
voxceleb1\wav\id11112\F-f32mt56js\00006.wav,id11112,True,long,2.4143125,large_hall.wav,0.3347675528006221,387.5786999997217
voxceleb1\wav\id11045\5AQnA6DzZ80\00002.wav,id11045,True,long,2.4143125,large_hall.wav,0.45181241472987554,399.141599998984
voxceleb1\wav\id11251\AvV4LWBq00g\00002.wav,id11251,True,long,2.4143125,large_hall.wav,0.45687112599437607,410.2964999983669
voxceleb1\wav\id10862\2bn9i9re2yI\00009.wav,id10862,True,long,0.9131875,medium_room.wav,0.31931884698030555,383.76419999985956
voxceleb1\wav\id10400\UkZsd-dpZTg\00002.wav,id10400,True,long,2.4143125,large_hall.wav,0.5048660886436049,405.47090000472963
voxceleb1\wav\id10786\BP8Lsp8p8iY\00004.wav,id10786,True,long,2.4143125,large_hall.wav,0.4940284198181004,491.7847000033362
voxceleb1\wav\id10912\2yUgv3B_YcI\00014.wav,id10912,True,long,2.4143125,large_hall.wav,0.4263497308474107,491.24229999870295
voxceleb1\wav\id10476\W5nH1YBDHUg\00003.wav,id10476,True,long,2.4143125,large_hall.wav,0.5624206033237166,477.2769999981392
voxceleb1\wav\id11112\FUiiruCPVTI\00003.wav,id11112,True,long,0.9131875,medium_room.wav,0.4572679901640191,416.05940000590635
voxceleb1\wav\id10600\ILvCnoHCpMs\00003.wav,id10600,True,long,2.4143125,large_hall.wav,0.376302072388334,409.02460000506835
voxceleb1\wav\id10802\FuJgSCtw2VA\00009.wav,id10802,True,long,0.9131875,medium_room.wav,0.46529139727254565,392.6415000023553
voxceleb1\wav\id10329\EXBuk_FwHu0\00020.wav,id10329,True,long,0.9131875,medium_room.wav,0.29748186195665804,387.9815000036615
voxceleb1\wav\id10756\3kvWhMqqhhA\00008.wav,id10756,True,long,0.9131875,medium_room.wav,0.3205690668872916,324.9195000025793
voxceleb1\wav\id10508\8t97-YsuqpM\00012.wav,id10508,True,long,2.4143125,large_hall.wav,0.37059776956603496,348.6272000009194
voxceleb1\wav\id10824\EPj8oj_wjI4\00003.wav,id10824,True,long,2.4143125,large_hall.wav,0.3820897955581305,326.4030999998795
voxceleb1\wav\id11251\Drcw9TLFNb0\00002.wav,id10862,False,long,2.4143125,large_hall.wav,0.9395855199813709,330.58729999902425
voxceleb1\wav\id11142\Gicu1gUl6iw\00004.wav,id10329,False,long,0.9131875,medium_room.wav,0.9904595670416267,335.72369999455987
voxceleb1\wav\id10756\3kvWhMqqhhA\00016.wav,id11009,False,long,2.4143125,large_hall.wav,1.0252260588822144,333.8925999996718
voxceleb1\wav\id10797\BDhnUQwGYAo\00013.wav,id10745,False,long,2.4143125,large_hall.wav,1.0493365867939093,340.5330999958096
voxceleb1\wav\id11112\F-f32mt56js\00006.wav,id10400,False,long,0.9131875,medium_room.wav,1.0028598803413096,375.2793000021484
voxceleb1\wav\id10824\FbKRFA9Efgc\00003.wav,id11045,False,long,0.9131875,medium_room.wav,0.8717946672612406,380.7738000032259
voxceleb1\wav\id10645\PpufCRHg9os\00003.wav,id10824,False,long,0.9131875,medium_room.wav,0.7521435273832057,414.1133000011905
voxceleb1\wav\id10797\HlvtkeRBKv0\00002.wav,id10600,False,long,2.4143125,large_hall.wav,0.9111127346934691,431.532700000389
voxceleb1\wav\id10600\Pxh-ihSUOTk\00005.wav,id11009,False,long,2.4143125,large_hall.wav,0.9655738266220046,517.9906999983359
voxceleb1\wav\id11083\G2ktKa3zK-g\00001.wav,id10912,False,long,2.4143125,large_hall.wav,1.1061040475238166,515.6762000042363
voxceleb1\wav\id10797\BDhnUQwGYAo\00017.wav,id11083,False,long,2.4143125,large_hall.wav,1.0560792027149613,563.234499997634
voxceleb1\wav\id10400\UkZsd-dpZTg\00007.wav,id10756,False,long,2.4143125,large_hall.wav,1.0036038020239457,500.27300000510877
voxceleb1\wav\id10645\FvwFfMvvIQ0\00002.wav,id11048,False,long,0.9131875,medium_room.wav,0.923649048600711,520.7827999984147
voxceleb1\wav\id11251\7GtZpUtReJ8\00004.wav,id10862,False,long,0.9131875,medium_room.wav,0.956367792399349,473.5316999940551
voxceleb1\wav\id10921\B8oFwcURrps\00002.wav,id10745,False,long,2.4143125,large_hall.wav,0.9814668888382262,640.9275000041816
voxceleb1\wav\id10912\2yUgv3B_YcI\00019.wav,krzysiek,False,long,2.4143125,large_hall.wav,0.931178131328342,489.9812999938149
voxceleb1\wav\id10950\ABumGmJrM4U\00001.wav,id11083,False,long,0.9131875,medium_room.wav,0.8790152323642673,411.1488000053214
voxceleb1\wav\id10508\OZxQo0H6O28\00002.wav,id10950,False,long,0.9131875,medium_room.wav,0.9781930786454552,394.7667999964324
voxceleb1\wav\id11059\9ow-Q4wUAgc\00006.wav,id10802,False,long,0.9131875,medium_room.wav,1.0131762494742709,345.8013999988907
voxceleb1\wav\id10530\B8oeUlhmqFE\00007.wav,id10476,False,long,0.9131875,medium_room.wav,0.9104353631866959,317.54300000466174
voxceleb1\wav\id10862\2bn9i9re2yI\00014.wav,id10797,False,long,0.9131875,medium_room.wav,0.9305356530143369,316.1398000011104
voxceleb1\wav\id10802\FuJgSCtw2VA\00002.wav,id11142,False,long,0.9131875,medium_room.wav,1.0224167852211616,320.61629999952856
voxceleb1\wav\id11009\FUemeogd1lA\00002.wav,id10329,False,long,2.4143125,large_hall.wav,0.9208607639622407,328.8574000034714
voxceleb1\wav\id10921\B8oFwcURrps\00010.wav,id10508,False,long,0.9131875,medium_room.wav,0.9130747596009127,362.7838000029442
voxceleb1\wav\id11142\Gicu1gUl6iw\00015.wav,id10875,False,long,2.4143125,large_hall.wav,0.9809532164653001,377.82549999974435
voxceleb1\wav\id10797\BDhnUQwGYAo\00011.wav,bartek_t,False,long,0.9131875,medium_room.wav,0.8244079838135481,392.8429000006872
voxceleb1\wav\id11059\NvZ7wAj3STs\00001.wav,id10994,False,long,0.9131875,medium_room.wav,0.9239205374349362,374.6778999993694
voxceleb1\wav\id10862\2bn9i9re2yI\00013.wav,krzysiek,False,long,2.4143125,large_hall.wav,1.0365302856450656,353.35530000156723
voxceleb1\wav\id10875\ZOsjLV0XXlQ\00007.wav,id10786,False,long,0.9131875,medium_room.wav,0.828220452641921,352.26260000490583
voxceleb1\wav\id10950\8pDGaKmyWhU\00013.wav,id10900,False,long,2.4143125,large_hall.wav,0.9508125518372881,341.5150000000722
voxceleb1\wav\id10862\2bn9i9re2yI\00022.wav,id10797,False,long,0.9131875,medium_room.wav,0.9660978068335021,333.33000000129687
voxceleb1\wav\id10756\1PV6BHn4IqE\00007.wav,krzysiek,False,long,2.4143125,large_hall.wav,1.033439327165219,320.33770000271033
voxceleb1\wav\id10736\QhWw4AxHRrQ\00004.wav,id10862,False,long,0.9131875,medium_room.wav,0.9351775872420723,310.86340000183554
voxceleb1\wav\id10592\K0YrTxZ9a4o\00001.wav,id10786,False,long,0.9131875,medium_room.wav,0.945180266895252,338.2443000009516
voxceleb1\wav\id10736\8hMkhwBzaJY\00009.wav,id11073,False,long,0.9131875,medium_room.wav,1.0568602376699983,337.55169999494683
voxceleb1\wav\id10530\B8oeUlhmqFE\00006.wav,id11175,False,long,0.9131875,medium_room.wav,0.8971601158412198,327.7181000012206
voxceleb1\wav\id10530\CKRWmWrEU00\00008.wav,id10530,False,long,2.4143125,large_hall.wav,0.3608691050150096,364.78519999946
voxceleb1\wav\id10950\9PdJXCWsX1w\00001.wav,id10756,False,long,2.4143125,large_hall.wav,0.9736608464183572,589.3772999988869
voxceleb1\wav\id10508\OZxQo0H6O28\00001.wav,id11059,False,long,0.9131875,medium_room.wav,0.9824436681489621,394.84070000617066
voxceleb1\wav\id11142\Gicu1gUl6iw\00003.wav,id11251,False,long,0.9131875,medium_room.wav,0.9450269570919851,719.6392999976524
voxceleb1\wav\id11112\BtvYf7-8Vr4\00004.wav,id11009,False,long,2.4143125,large_hall.wav,1.0230048867451795,489.9795000019367
voxceleb1\wav\id11045\6YdMVTk-eJ8\00001.wav,id10786,False,long,0.9131875,medium_room.wav,0.9490702079071889,399.2045000049984
voxceleb1\wav\id10950\8pDGaKmyWhU\00003.wav,id10530,False,long,0.9131875,medium_room.wav,1.0677607262995121,445.1502000010805
voxceleb1\wav\id10745\9NpQb6wgnNI\00005.wav,id11251,False,long,2.4143125,large_hall.wav,0.9932188978201306,354.99759999947855
voxceleb1\wav\id10745\A8-uShr2gJc\00001.wav,id10600,False,long,2.4143125,large_hall.wav,0.9644003901996553,354.58179999841377
voxceleb1\wav\id10875\bDzNAlq_PXY\00010.wav,id11073,False,long,2.4143125,large_hall.wav,0.6664619340542652,357.1940999972867
voxceleb1\wav\id10912\2yUgv3B_YcI\00020.wav,id11073,False,long,2.4143125,large_hall.wav,0.9289974150880123,340.8092999961809
voxceleb1\wav\id10797\BDhnUQwGYAo\00004.wav,id11083,False,long,2.4143125,large_hall.wav,0.9758921002015504,330.0694000063231
voxceleb1\wav\id11142\Gicu1gUl6iw\00008.wav,id10921,False,long,0.9131875,medium_room.wav,0.9256473579642482,333.7803999966127
voxceleb1\wav\id10875\bDzNAlq_PXY\00007.wav,id10530,False,long,2.4143125,large_hall.wav,0.7492265296073383,324.77859999926295
voxceleb1\wav\id11009\FUemeogd1lA\00007.wav,id10329,False,long,2.4143125,large_hall.wav,0.8168292829383579,371.5909999955329
voxceleb1\wav\id10736\QU2_gJwqlrk\00001.wav,id10912,False,long,2.4143125,large_hall.wav,0.865936679012761,376.89959999988787
voxceleb1\wav\id10824\BgTZDSJKLks\00004.wav,id10645,False,long,2.4143125,large_hall.wav,0.6327537547547133,429.5482000015909
voxceleb1\wav\id11112\BtvYf7-8Vr4\00008.wav,id10592,False,long,0.9131875,medium_room.wav,0.9338606299964824,361.982899994473
voxceleb1\wav\id10900\92CmdoV27Es\00001.wav,id10912,False,long,2.4143125,large_hall.wav,0.9352918495043446,341.3412000008975
voxceleb1\wav\id11073\9sGEfsatKi8\00011.wav,id11073,False,long,2.4143125,large_hall.wav,0.3038861494471956,353.84049999993294
voxceleb1\wav\id11175\ceU3Lw9-d9M\00005.wav,id10530,False,long,2.4143125,large_hall.wav,0.9534373943907838,392.6678999996511
voxceleb1\wav\id10756\3kvWhMqqhhA\00014.wav,id11083,False,long,0.9131875,medium_room.wav,1.0248324944402154,362.29760000423994
voxceleb1\wav\id11009\FUemeogd1lA\00001.wav,id11112,False,long,2.4143125,large_hall.wav,0.9839686475115177,346.32150000106776
voxceleb1\wav\id11112\BtvYf7-8Vr4\00006.wav,id10476,False,long,2.4143125,large_hall.wav,0.9208873879005391,357.68090000055963
voxceleb1\wav\id10600\ILvCnoHCpMs\00003.wav,id10802,False,long,0.9131875,medium_room.wav,0.912165338800021,365.39489999995567
voxceleb1\wav\id11073\M44AVe_BcGE\00002.wav,id10400,False,long,2.4143125,large_hall.wav,0.7765743031312197,358.9674999966519
voxceleb1\wav\id10476\O_k91Sbd0vw\00004.wav,id10946,False,long,0.9131875,medium_room.wav,0.9099391736027835,528.6556000064593
voxceleb1\wav\id10400\UkZsd-dpZTg\00010.wav,id10456,False,long,0.9131875,medium_room.wav,0.90516037769134,366.5268000040669
voxceleb1\wav\id10946\QgAJv0CXl-4\00007.wav,id10802,False,long,2.4143125,large_hall.wav,1.1616882337084253,411.49769999901764
voxceleb1\wav\id11112\FUiiruCPVTI\00003.wav,id10508,False,long,2.4143125,large_hall.wav,0.8979476562069011,358.82670000137296
voxceleb1\wav\id11142\Gicu1gUl6iw\00007.wav,id11073,False,long,0.9131875,medium_room.wav,0.9226730941753118,357.28129999915836
voxceleb1\wav\id10921\B8oFwcURrps\00012.wav,id11112,False,long,2.4143125,large_hall.wav,1.0389849872428836,372.60410000453703
voxceleb1\wav\id11073\9sGEfsatKi8\00010.wav,id11073,False,long,0.9131875,medium_room.wav,0.4098532123951133,355.3285000016331
voxceleb1\wav\id10530\B8oeUlhmqFE\00003.wav,id10508,False,long,2.4143125,large_hall.wav,0.8378213724161865,362.80729999998584
voxceleb1\wav\id10530\B8oeUlhmqFE\00005.wav,id10824,False,long,0.9131875,medium_room.wav,0.7324405076718188,382.4951999995392
voxceleb1\wav\id10456\Liau5LQUvcQ\00001.wav,id10994,False,long,2.4143125,large_hall.wav,0.8838176718073356,334.89320000080625
voxceleb1\wav\id10736\Wx-dJoKmZQk\00004.wav,id10508,False,long,2.4143125,large_hall.wav,0.9509507377843232,350.9343000041554
voxceleb1\wav\id11073\9sGEfsatKi8\00002.wav,id10994,False,long,2.4143125,large_hall.wav,0.9720290365952753,370.65309999888996
voxceleb1\wav\id10745\9NpQb6wgnNI\00004.wav,id10802,False,long,2.4143125,large_hall.wav,0.9515976454509533,419.6972000063397
voxceleb1\wav\id10950\8pDGaKmyWhU\00009.wav,id10921,False,long,2.4143125,large_hall.wav,0.9457613604480848,612.0614000028581
voxceleb1\wav\id11142\Gicu1gUl6iw\00001.wav,id10824,False,long,2.4143125,large_hall.wav,0.9925184002875591,358.16199999680975
voxceleb1\wav\id10912\2yUgv3B_YcI\00013.wav,id11251,False,long,0.9131875,medium_room.wav,0.8350963523162989,352.63600000325823
voxceleb1\wav\id10786\BP8Lsp8p8iY\00010.wav,bartek_m,False,long,2.4143125,large_hall.wav,0.9564599666474356,339.7821999969892
voxceleb1\wav\id10456\VO_7ZXWhjdg\00001.wav,id11045,False,long,0.9131875,medium_room.wav,0.8865722223679793,379.45420000323793
voxceleb1\wav\id10736\Wx-dJoKmZQk\00001.wav,bartek_t,False,long,2.4143125,large_hall.wav,0.9094087982369978,333.3208000040031
voxceleb1\wav\id10862\2bn9i9re2yI\00020.wav,id10456,False,long,0.9131875,medium_room.wav,0.9109051399231455,380.9231999985059
voxceleb1\wav\id10745\5EPvrY18MoQ\00010.wav,id10797,False,long,0.9131875,medium_room.wav,1.0149496948218542,473.6972999962745
voxceleb1\wav\id10946\NdrTWoGwC7k\00003.wav,id11251,False,long,0.9131875,medium_room.wav,0.9794739333845416,416.721100002178
voxceleb1\wav\id11251\Dfid1LOxOT8\00004.wav,id11048,False,long,0.9131875,medium_room.wav,0.9433199528806405,374.25079999957234
voxceleb1\wav\id10797\BDhnUQwGYAo\00008.wav,id10797,False,long,0.9131875,medium_room.wav,0.4543997265365235,421.5413999991142
voxceleb1\wav\id10600\Pxh-ihSUOTk\00008.wav,id10900,False,long,2.4143125,large_hall.wav,0.973659804812137,380.2147000023979
voxceleb1\wav\id10645\a6IDMPJJh8c\00002.wav,id10476,False,long,0.9131875,medium_room.wav,1.0989362154027937,396.0858999998891
voxceleb1\wav\id11048\O8yIcoe2doA\00007.wav,id10994,False,long,2.4143125,large_hall.wav,0.9769782423994499,542.8340999933425
voxceleb1\wav\id10824\EPj8oj_wjI4\00005.wav,id11142,False,long,2.4143125,large_hall.wav,1.0061895564910321,498.68550000246614
voxceleb1\wav\id10756\3kvWhMqqhhA\00011.wav,id11073,False,long,2.4143125,large_hall.wav,0.8554609767311232,670.076300004439
voxceleb1\wav\id10875\ZOsjLV0XXlQ\00003.wav,id10994,False,long,0.9131875,medium_room.wav,1.0439130304897593,592.1951999989687
voxceleb1\wav\id10508\8t97-YsuqpM\00012.wav,id10950,False,long,0.9131875,medium_room.wav,1.034483966831388,389.5305999976699
voxceleb1\wav\id10862\2bn9i9re2yI\00009.wav,id11175,False,long,2.4143125,large_hall.wav,0.9323258217972901,369.07110000174725
voxceleb1\wav\id11059\NbVrCKilytE\00002.wav,id10745,False,long,0.9131875,medium_room.wav,0.8894082569203603,359.3737000046531
voxceleb1\wav\id10762\3sfzgqqtbKM\00004.wav,id11073,False,long,0.9131875,medium_room.wav,0.9798997009772454,343.8587999989977
voxceleb1\wav\id10950\8pDGaKmyWhU\00010.wav,id11142,False,long,0.9131875,medium_room.wav,0.8757794608680995,334.6131999933277
voxceleb1\wav\id10900\92CmdoV27Es\00003.wav,id10456,False,long,0.9131875,medium_room.wav,0.8860570690437478,321.7579999982263
voxceleb1\wav\id10745\A8-uShr2gJc\00002.wav,id10786,False,long,0.9131875,medium_room.wav,1.0030475449176017,348.8045000049169
voxceleb1\wav\id10862\2bn9i9re2yI\00010.wav,id10456,False,long,0.9131875,medium_room.wav,0.942042074492723,441.70690000464674
